Code,Name,Market,Marcap
005930,삼성전자,KOSPI,1359259776360000
000660,SK하이닉스,KOSPI,1040221127760000
005935,삼성전자우,KOSPI,136483341630300
402340,SK스퀘어,KOSPI,123249132524000
009150,삼성전기,KOSPI,96056093056000
373220,LG에너지솔루션,KOSPI,82368000000000
005380,현대차,KOSPI,80162665389000
207940,삼성바이오로직스,KOSPI,70593700275000
105560,KB금융,KOSPI,61963947129800
012450,한화에어로스페이스,KOSPI,55482219476000
032830,삼성생명,KOSPI,55000000000000
028260,삼성물산,KOSPI,53839636892000
000270,기아,KOSPI,52198217832600
329180,HD현대중공업,KOSPI,52060767600000
055550,신한지주,KOSPI,51357856146600
034020,두산에너빌리티,KOSPI,48298310408400
068270,셀트리온,KOSPI,45743313970200
012330,현대모비스,KOSPI,44821896002000
086790,하나금융지주,KOSPI,36518347258800
034730,SK,KOSPI,36396356906000
006400,삼성SDI,KOSPI,35860560850000
035420,NAVER,KOSPI,33036762941000
066570,LG전자,KOSPI,29628715652200
010120,LS ELECTRIC,KOSPI,29580000000000
000810,삼성화재,KOSPI,28708325139000
009540,HD한국조선해양,KOSPI,27813834588000
267260,HD현대일렉트릭,KOSPI,27035351250000
042660,한화오션,KOSPI,26995020011400
298040,효성중공업,KOSPI,26341848100000
005490,POSCO홀딩스,KOSPI,25595013221000
316140,우리금융지주,KOSPI,25009880576700
010130,고려아연,KOSPI,22751536210000
015760,한국전력,KOSPI,22516890000775
138040,메리츠금융지주,KOSPI,21035552216100
011200,HMM,KOSPI,20421102050500
033780,KT&G,KOSPI,19391793180800
096770,SK이노베이션,KOSPI,19373449504800
010140,삼성중공업,KOSPI,19272000000000
000150,두산,KOSPI,19205888310000
051910,LG화학,KOSPI,18812859409500
006800,미래에셋증권,KOSPI,18801447168000
017670,SK텔레콤,KOSPI,18794129637500
042700,한미반도체,KOSPI,18261817520000
035720,카카오,KOSPI,17564199425500
267250,HD현대,KOSPI,17496968327500
018260,삼성에스디에스,KOSPI,17061804900000
024110,기업은행,KOSPI,16426972901400
003550,LG,KOSPI,16101948426000
079550,LIG디펜스앤에어로스페이스,KOSPI,15708000000000
064350,현대로템,KOSPI,15640090586900
196170,알테오젠,KOSDAQ,15593625813000
086280,현대글로비스,KOSPI,15375000000000
047810,한국항공우주,KOSPI,15274349266900
010950,S-Oil,KOSPI,15041061011200
278470,에이피알,KOSPI,13852117350000
003670,포스코퓨처엠,KOSPI,13466457708000
030200,KT,KOSPI,13457957979000
011070,LG이노텍,KOSPI,13111577278000
272210,한화시스템,KOSPI,13111005596600
000720,현대건설,KOSPI,11937338008000
307950,현대오토에버,KOSPI,11188984656000
086520,에코프로,KOSDAQ,11187954924800
259960,크래프톤,KOSPI,11026942087000
005830,DB손해보험,KOSPI,10781357445400
071050,한국금융지주,KOSPI,10482059095200
323410,카카오뱅크,KOSPI,10401225526600
005940,NH투자증권,KOSPI,10208548803250
047050,포스코인터내셔널,KOSPI,10027598916000
0126Z0,삼성에피스홀딩스,KOSPI,10002985698000
247540,에코프로비엠,KOSDAQ,9998270354800
003490,대한항공,KOSPI,9905135780900
006260,LS,KOSPI,9812400000000
003230,삼양식품,KOSPI,9657325230000
028050,삼성E&A,KOSPI,9368800000000
078930,GS,KOSPI,9057310762500
277810,레인보우로보틱스,KOSDAQ,8749335958000
161390,한국타이어앤테크놀로지,KOSPI,8671254830000
443060,HD현대마린솔루션,KOSPI,8585607590000
090430,아모레퍼시픽,KOSPI,8194835535900
016360,삼성증권,KOSPI,8090580000000
352820,하이브,KOSPI,7836822784800
180640,한진칼,KOSPI,7824539098800
039490,키움증권,KOSPI,7252129374000
064400,LG씨엔에스,KOSPI,6946722471600
005387,현대차2우B,KOSPI,6919361747000
021240,코웨이,KOSPI,6701675242200
047040,대우건설,KOSPI,6619722048180
267270,HD건설기계,KOSPI,6608429596300
326030,SK바이오팜,KOSPI,6539156375000
032640,LG유플러스,KOSPI,6332461761440
000100,유한양행,KOSPI,6292160479000
241560,두산밥캣,KOSPI,6048517701500
007660,이수페타시스,KOSPI,6012215036100
000880,한화,KOSPI,5908563612200
036930,주성엔지니어링,KOSDAQ,5861269358100
009830,한화솔루션,KOSPI,5646669807600
377300,카카오페이,KOSPI,5634000706250
029780,삼성카드,KOSPI,5514883211600
271560,오리온,KOSPI,5391726683200
175330,JB금융지주,KOSPI,5325198075200
036570,NC,KOSPI,5321373434000
001440,대한전선,KOSPI,5223202683400
353200,대덕전자,KOSPI,5099826660000
128940,한미약품,KOSPI,4983475499000
058470,리노공업,KOSDAQ,4961391435000
051900,LG생활건강,KOSPI,4956898113000
034220,LG디스플레이,KOSPI,4870000000000
062040,산일전기,KOSPI,4847698870000
028300,HLB,KOSDAQ,4795136028000
088980,맥쿼리인프라,KOSPI,4784430710070
298380,에이비엘바이오,KOSDAQ,4652558175300
138930,BNK금융지주,KOSPI,4639389143350
010060,OCI홀딩스,KOSPI,4583541956000
005385,현대차우,KOSPI,4570159968000
454910,두산로보틱스,KOSPI,4446650628000
000500,가온전선,KOSPI,4389219271800
240810,원익IPS,KOSDAQ,4265390996900
001040,CJ,KOSPI,4207323111600
111770,영원무역,KOSPI,4085517349600
087010,펩트론,KOSDAQ,4068877575000
141080,리가켐바이오,KOSDAQ,4064732096400
222800,심텍,KOSDAQ,4057343727300
004170,신세계,KOSPI,3933917886500
011790,SKC,KOSPI,3923225371800
039030,이오테크닉스,KOSDAQ,3911457125000
088350,한화생명,KOSPI,3908385000000
052690,한전기술,KOSPI,3841110000000
000250,삼천당제약,KOSDAQ,3778998739200
002380,KCC,KOSPI,3712131072000
004020,현대제철,KOSPI,3696448244500
018880,한온시스템,KOSPI,3679151248920
000990,DB하이텍,KOSPI,3597829427600
082740,한화엔진,KOSPI,3517297035300
214450,파마리서치,KOSDAQ,3496116552000
319660,피에스케이,KOSDAQ,3412278909200
066970,엘앤에프,KOSPI,3409257188000
214370,케어젠,KOSDAQ,3394788000000
145020,휴젤,KOSDAQ,3354066364000
251270,넷마블,KOSPI,3314253396950
001450,현대해상,KOSPI,3303369687500
108490,로보티즈,KOSDAQ,3276739758000
028670,팬오션,KOSPI,3207417072000
036460,한국가스공사,KOSPI,3194029800000
035250,강원랜드,KOSPI,3125670705000
022100,포스코DX,KOSPI,3109110208050
031210,서울보증보험,KOSPI,3089605711500
011780,금호석유화학,KOSPI,3079256580000
097950,CJ제일제당,KOSPI,3071053944000
008930,한미사이언스,KOSPI,3005808622500
483650,달바글로벌,KOSPI,2986045685000
214150,클래시스,KOSDAQ,2935604655000
012750,에스원,KOSPI,2884137610200
302440,SK바이오사이언스,KOSPI,2836204390950
017800,현대엘리베이터,KOSPI,2830288674000
139130,iM금융지주,KOSPI,2820452296480
440110,파두,KOSDAQ,2811228614700
007340,DN오토모티브,KOSPI,2805595976750
403870,HPSP,KOSDAQ,2785855000000
095340,ISC,KOSDAQ,2774694892200
023530,롯데쇼핑,KOSPI,2760982488000
375500,DL이앤씨,KOSPI,2758855319900
009420,한올바이오파마,KOSPI,2753081622600
103590,일진전기,KOSPI,2746678464000
006360,GS건설,KOSPI,2700096009500
004800,효성,KOSPI,2643310265300
026960,동서,KOSPI,2637065000000
009970,영원무역홀딩스,KOSPI,2636101759500
282330,BGF리테일,KOSPI,2632338883800
310210,보로노이,KOSDAQ,2628140752500
003690,코리안리,KOSPI,2576592631980
347850,디앤디파마텍,KOSDAQ,2557738582200
319400,현대무벡스,KOSDAQ,2556080095050
080220,제주반도체,KOSDAQ,2545325358700
383220,F&F,KOSPI,2539759072500
011170,롯데케미칼,KOSPI,2536582346700
084370,유진테크,KOSDAQ,2523056224200
005850,에스엘,KOSPI,2522154636000
226950,올릭스,KOSDAQ,2485416300000
257720,실리콘투,KOSDAQ,2482061138200
161890,한국콜마,KOSPI,2478533085000
001720,신영증권,KOSPI,2477508000000
081660,미스토홀딩스,KOSPI,2474079744000
450080,에코프로머티,KOSPI,2471404063000
489790,한화비전,KOSPI,2461309012500
004370,농심,KOSPI,2448263405000
000240,한국앤컴퍼니,KOSPI,2439835668000
095610,테스,KOSDAQ,2414192000000
204320,HL만도,KOSPI,2361943136000
007070,GS리테일,KOSPI,2353548732250
014680,한솔케미칼,KOSPI,2353099848000
085620,미래에셋생명,KOSPI,2345373000000
004990,롯데지주,KOSPI,2327149169600
103140,풍산,KOSPI,2326015074000
192820,코스맥스,KOSPI,2298275572500
131290,티에스이,KOSDAQ,2273123659500
357780,솔브레인,KOSDAQ,2263562706000
139480,이마트,KOSPI,2251818830400
279570,케이뱅크,KOSPI,2251608088050
058610,에스피지,KOSDAQ,2208865056000
030000,제일기획,KOSPI,2207641107750
073240,금호타이어,KOSPI,2206159004160
263750,펄어비스,KOSDAQ,2196394654500
005440,현대지에프홀딩스,KOSPI,2193430500040
069960,현대백화점,KOSPI,2180212603200
178320,서진시스템,KOSDAQ,2145029836900
051600,한전KPS,KOSPI,2101500000000
018670,SK가스,KOSPI,2068994034000
002790,아모레퍼시픽홀딩스,KOSPI,2068193769000
237690,에스티팜,KOSDAQ,2047998187800
098460,고영,KOSDAQ,2025665126100
031980,피에스케이홀딩스,KOSDAQ,2007458974500
067310,하나마이크론,KOSDAQ,1991401526550
005290,동진쎄미켐,KOSDAQ,1980189395100
336260,두산퓨얼셀,KOSPI,1948438348500
064760,티씨케이,KOSDAQ,1940746617600
068760,셀트리온제약,KOSDAQ,1927061208800
462870,시프트업,KOSPI,1923796897500
032820,우리기술,KOSDAQ,1886807963040
439260,대한조선,KOSPI,1856825587500
071970,HD현대마린엔진,KOSPI,1841937178500
457190,이수스페셜티케미컬,KOSPI,1840329304800
112610,씨에스윈드,KOSPI,1813370329000
000120,CJ대한통운,KOSPI,1802175176000
140860,파크시스템스,KOSDAQ,1761120953500
010170,대한광통신,KOSDAQ,1736774822200
000155,두산우,KOSPI,1724473353000
475150,SK이터닉스,KOSPI,1723790402400
041510,에스엠,KOSDAQ,1707943874000
011210,현대위아,KOSPI,1677936621100
395400,SK리츠,KOSPI,1670647791000
008770,호텔신라,KOSPI,1670007548550
120110,코오롱인더,KOSPI,1664999379200
023590,다우기술,KOSPI,1660068415200
006040,동원산업,KOSPI,1657487753450
001800,오리온홀딩스,KOSPI,1648292264800
140410,메지온,KOSDAQ,1643541877800
035900,JYP Ent.,KOSDAQ,1639824505800
290650,엘앤씨바이오,KOSDAQ,1618182240000
089030,테크윙,KOSDAQ,1608128193000
060370,LS마린솔루션,KOSDAQ,1575001448100
089970,브이엠,KOSDAQ,1569075194000
0009K0,에임드바이오,KOSDAQ,1552107864000
001740,SK네트웍스,KOSPI,1536549189740
083650,비에이치아이,KOSDAQ,1524010468750
020150,롯데에너지머티리얼즈,KOSPI,1515980153850
020560,아시아나항공,KOSPI,1505792097410
097230,HJ중공업,KOSPI,1497999756960
006280,녹십자,KOSPI,1491202248800
294870,IPARK현대산업개발,KOSPI,1476324192000
069620,대웅제약,KOSPI,1474970997500
00680K,미래에셋증권2우B,KOSPI,1474200000000
001430,세아베스틸지주,KOSPI,1470346879000
089860,롯데렌탈,KOSPI,1468714744600
096530,씨젠,KOSDAQ,1464939131700
001120,LX인터내셔널,KOSPI,1453500000000
950160,코오롱티슈진,KOSDAQ,1440244212000
298020,효성티앤씨,KOSPI,1432462742000
030530,원익홀딩스,KOSDAQ,1426585509070
322000,HD현대에너지솔루션,KOSPI,1424640000000
007390,네이처셀,KOSDAQ,1411127726400
082920,비츠로셀,KOSDAQ,1383524970050
420770,기가비스,KOSDAQ,1370249439800
229640,LS에코에너지,KOSPI,1361275871550
007310,오뚜기,KOSPI,1356650455000
127120,제이에스링크,KOSDAQ,1355357562000
078600,대주전자재료,KOSDAQ,1350555868000
012630,HDC,KOSPI,1347175808550
181710,NHN,KOSPI,1342878699000
007810,코리아써키트,KOSPI,1323840624000
192080,더블유게임즈,KOSPI,1306402975600
475830,오름테라퓨틱,KOSDAQ,1301003441000
039200,오스코텍,KOSDAQ,1300777984000
009155,삼성전기우,KOSPI,1299421848000
082640,동양생명,KOSPI,1287516293250
218410,RFHIC,KOSDAQ,1278278760200
415640,KB발해인프라,KOSPI,1263444599880
004000,롯데정밀화학,KOSPI,1244850000000
131970,두산테스나,KOSDAQ,1242741403400
003540,대신증권,KOSPI,1234552663400
000815,삼성화재우,KOSPI,1214836080000
003380,하림지주,KOSDAQ,1199580200910
043260,성호전자,KOSDAQ,1195217938180
347700,스피어,KOSDAQ,1190836462200
017960,한국카본,KOSPI,1180807705100
005070,코스모신소재,KOSPI,1179117270500
361610,SK아이이테크놀로지,KOSPI,1174462756000
281820,케이씨텍,KOSPI,1170100865100
195940,HK이노엔,KOSDAQ,1161525531000
323280,태성,KOSDAQ,1155862543000
491000,리브스메드,KOSDAQ,1140275485650
030610,교보증권,KOSPI,1136210721170
437730,삼현,KOSDAQ,1131960141900
183300,코미코,KOSDAQ,1117664864000
066575,LG전자우,KOSPI,1109911915400
000080,하이트진로,KOSPI,1108812389910
300720,한일시멘트,KOSPI,1083320928570
006340,대원전선,KOSPI,1082118940800
330590,롯데리츠,KOSPI,1073519404060
077970,STX엔진,KOSPI,1067938475800
009450,경동나비엔,KOSPI,1063507216000
003570,SNT다이내믹스,KOSPI,1050785225200
000210,DL,KOSPI,1047794200000
166090,하나머티리얼즈,KOSDAQ,1034372350200
093370,후성,KOSPI,1029651168000
003090,대웅,KOSPI,1028531626200
003240,태광산업,KOSPI,1019874400000
032350,롯데관광개발,KOSPI,1014107825760
241710,코스메카코리아,KOSDAQ,992172000000
031330,에스에이엠티,KOSDAQ,988951212630
280360,롯데웰푸드,KOSPI,980287131000
185750,종근당,KOSPI,963434044000
051915,LG화학우,KOSPI,961100000000
009240,한샘,KOSPI,951947387600
192400,쿠쿠홀딩스,KOSPI,949510339500
005300,롯데칠성,KOSPI,939950949200
041830,인바디,KOSDAQ,939617475400
451800,한화리츠,KOSPI,937512000000
003530,한화투자증권,KOSPI,933282821250
006120,SK디스커버리,KOSPI,929894303400
034230,파라다이스,KOSPI,918883469440
079160,CJ CGV,KOSPI,915671755880
195870,해성디에스,KOSPI,889100000000
030190,NICE평가정보,KOSPI,878959982840
083450,GST,KOSDAQ,878650250000
476830,알지노믹스,KOSDAQ,875329603200
003470,유안타증권,KOSPI,872840862060
293490,카카오게임즈,KOSDAQ,867839004450
101490,에스앤에스텍,KOSDAQ,861929111600
119850,지엔씨에너지,KOSDAQ,855343268000
071055,한국금융지주우,KOSPI,852961345600
458870,씨어스,KOSDAQ,852538176000
499790,GS피앤엘,KOSPI,850743078900
086450,동국제약,KOSDAQ,850331896000
065350,신성델타테크,KOSDAQ,845131401000
085660,차바이오텍,KOSDAQ,845123170140
115180,큐리언트,KOSDAQ,842153402450
252990,샘씨엔에스,KOSDAQ,839437372660
038500,삼표시멘트,KOSDAQ,836351371500
204270,제이앤티씨,KOSDAQ,828968517780
100090,SK오션플랜트,KOSPI,827835209250
281740,레이크머티리얼즈,KOSDAQ,822946460960
090710,휴림로봇,KOSDAQ,816588168070
388720,유일로보틱스,KOSDAQ,816447208500
213420,덕산네오룩스,KOSDAQ,815704230150
036540,SFA반도체,KOSDAQ,814078499850
099320,쎄트렉아이,KOSDAQ,804918933000
298050,HS효성첨단소재,KOSPI,803702671200
001820,삼화콘덴서,KOSPI,800415000000
328130,루닛,KOSDAQ,792235035200
036530,SNT홀딩스,KOSPI,785847305200
417200,LS머트리얼즈,KOSDAQ,784770844400
005090,SGC에너지,KOSPI,782426781900
214320,이노션,KOSPI,779600000000
365550,ESR켄달스퀘어리츠,KOSPI,778871685000
090360,로보스타,KOSDAQ,775125000000
137310,에스디바이오센서,KOSPI,772794252800
035760,CJ ENM,KOSDAQ,771906220800
056190,SFA,KOSDAQ,770242902000
122870,와이지엔터테인먼트,KOSDAQ,770071218800
004490,세방전지,KOSPI,756756000000
253450,스튜디오드래곤,KOSDAQ,754468299800
466100,클로봇,KOSDAQ,753593474400
189300,인텔리안테크,KOSDAQ,750551040300
003850,보령,KOSPI,748922317110
285130,SK케미칼,KOSPI,741252123100
232140,와이씨,KOSDAQ,740869510500
137400,피엔티,KOSDAQ,739150713600
071320,지역난방공사,KOSPI,737565992800
100790,미래에셋벤처투자,KOSDAQ,733595182180
064960,SNT모티브,KOSPI,720568384800
032190,다우데이타,KOSDAQ,715827000000
074600,원익QnC,KOSDAQ,715033600000
388210,씨엠티엑스,KOSDAQ,713462968200
036830,솔브레인홀딩스,KOSDAQ,709437742600
248070,솔루엠,KOSPI,708158455160
033100,제룡전기,KOSDAQ,707549116450
014620,성광벤드,KOSDAQ,695802936800
006730,서부T&D,KOSDAQ,693547999170
006110,삼아알미늄,KOSPI,693410411750
000670,영풍,KOSPI,686718475900
000370,한화손해보험,KOSPI,685257431050
456040,OCI,KOSPI,683970618000
445680,큐리옥스바이오시스템즈,KOSDAQ,683829386250
019210,와이지-원,KOSDAQ,678785536000
032500,케이엠더블유,KOSDAQ,678442552080
171090,선익시스템,KOSDAQ,673487129000
317450,명인제약,KOSPI,666490000000
005690,파미셀,KOSPI,663644394840
003160,디아이,KOSPI,663635000000
002960,한국쉘석유,KOSPI,663000000000
356860,티엘비,KOSDAQ,660080091000
093050,LF,KOSPI,654976000000
102710,이엔에프테크놀로지,KOSDAQ,653668497000
053800,안랩,KOSDAQ,652013251600
069260,TKG휴켐스,KOSPI,650787120960
094170,동운아나텍,KOSDAQ,647162519200
005880,대한해운,KOSPI,647108416700
002350,넥센타이어,KOSPI,638747915580
048410,현대바이오,KOSDAQ,637901830920
005180,빙그레,KOSPI,637709332800
093320,케이아이엔엑스,KOSDAQ,636840000000
293940,신한알파리츠,KOSPI,636145046980
001680,대상,KOSPI,635791258750
025540,한국단자,KOSPI,635222000000
397030,에이프릴바이오,KOSDAQ,634514684600
001570,금양,KOSPI,633275240400
014820,동원시스템즈,KOSPI,630560383500
453340,현대그린푸드,KOSPI,625727481490
476060,온코닉테라퓨틱스,KOSDAQ,623903721600
000400,롯데손해보험,KOSPI,623776003200
006380,카프로,KOSPI,618539985360
295310,에이치브이엠,KOSDAQ,612269078400
075580,세진중공업,KOSPI,609426168320
268280,미원에스씨,KOSPI,606000000000
456160,지투지바이오,KOSDAQ,602816692500
023160,태광,KOSDAQ,600120014400
251970,펌텍코리아,KOSDAQ,599540000000
006650,대한유화,KOSPI,598650000000
052400,코나아이,KOSDAQ,596366766450
050890,쏠리드,KOSDAQ,594806467860
225570,넥슨게임즈,KOSDAQ,592741566000
383800,LX홀딩스,KOSPI,592700961300
000640,동아쏘시오홀딩스,KOSPI,590442617900
094800,맵스리얼티,KOSPI,589498001850
017940,E1,KOSPI,588588000000
161580,필옵틱스,KOSDAQ,587228287350
037460,삼지전자,KOSDAQ,584203087600
016380,KG스틸,KOSPI,582051780540
114090,GKL,KOSPI,581443298000
003620,KG모빌리티,KOSPI,578792248320
001060,JW중외제약,KOSPI,577491064000
044490,태웅,KOSDAQ,577212941850
108320,LX세미콘,KOSPI,574943005000
001270,부국증권,KOSPI,574491684400
222080,SFA넥셀,KOSDAQ,574017462720
010780,아이에스동서,KOSPI,573854413760
100840,SNT에너지,KOSPI,571823649950
086900,메디톡스,KOSDAQ,570742465400
052020,에스티큐브,KOSDAQ,568340312760
00088K,한화3우B,KOSPI,567579899250
041960,코미팜,KOSDAQ,566709416650
00104K,CJ4우(전환),KOSPI,565929956800
121600,나노신소재,KOSDAQ,560995238250
439960,코스모로보틱스,KOSDAQ,555554717120
178920,PI첨단소재,KOSPI,554436159360
007700,F&F홀딩스,KOSPI,549948000020
490470,세미파이브,KOSDAQ,547129075200
002840,미원상사,KOSPI,544950000000
112040,위메이드,KOSDAQ,544873152150
079940,가비아,KOSDAQ,540182531000
003300,한일홀딩스,KOSPI,540166898880
358570,지아이이노베이션,KOSDAQ,538708650100
005810,풍산홀딩스,KOSPI,535602397800
053610,프로텍,KOSDAQ,535500000000
033240,자화전자,KOSPI,533655899400
099190,아이센스,KOSDAQ,529997204870
174900,앱클론,KOSDAQ,527733812050
058650,세아홀딩스,KOSPI,523916146000
045100,한양이엔지,KOSDAQ,517125000000
059090,미코,KOSDAQ,516623387880
046890,서울반도체,KOSDAQ,516002790000
399720,가온칩스,KOSDAQ,511709118600
060250,NHN KCP,KOSDAQ,510842971920
124500,아이티센글로벌,KOSDAQ,509339367650
336370,솔루스첨단소재,KOSPI,508373570560
082270,젬백스,KOSDAQ,507767758410
477850,마키나락스,KOSDAQ,506897712800
460930,현대힘스,KOSDAQ,506737275170
211050,인카금융서비스,KOSDAQ,505445120820
001510,SK증권,KOSPI,505379760725
448730,삼성FN리츠,KOSPI,501685500000
033500,동성화인텍,KOSDAQ,500224759920
001530,DI동일,KOSPI,499246466100
348370,엔켐,KOSDAQ,498475090750
160190,하이젠알앤엠,KOSDAQ,495752400000
067160,SOOP,KOSDAQ,491976027600
376900,로킷헬스케어,KOSDAQ,491293769550
001500,현대차증권,KOSPI,487862717160
377740,바이오노트,KOSPI,485996448960
003545,대신증권우,KOSPI,485959846620
039130,하나투어,KOSPI,485609368200
475960,토모큐브,KOSDAQ,484468455300
460860,동국제강,KOSPI,482189925240
009410,태영건설,KOSPI,481500746204
090435,아모레퍼시픽우,KOSPI,480381265000
383310,에코프로에이치엔,KOSDAQ,480325942800
284740,쿠쿠홈시스,KOSPI,480158862000
005250,녹십자홀딩스,KOSPI,479687742000
090460,비에이치,KOSPI,478366724220
101160,월덱스,KOSDAQ,476342148050
249420,일동제약,KOSPI,475839310080
079900,전진건설로봇,KOSPI,474987339750
034310,NICE,KOSPI,470124038030
015750,성우하이텍,KOSDAQ,469600000000
005945,NH투자증권우,KOSPI,468000006400
018290,브이티,KOSDAQ,467521792440
009520,포스코엠텍,KOSDAQ,467231127660
056080,유진로봇,KOSDAQ,466855284060
003030,세아제강지주,KOSPI,466764743900
126340,비나텍,KOSDAQ,466008868600
034950,한국기업평가,KOSDAQ,465856736400
017900,광전자,KOSPI,464708979260
145990,삼양사,KOSPI,464620877450
002240,고려제강,KOSPI,463860000000
376300,디어유,KOSDAQ,461949380760
144960,뉴파워프라즈마,KOSDAQ,460957183200
008060,대덕,KOSPI,459294598640
000070,삼양홀딩스,KOSPI,458028269000
219130,타이거일렉,KOSDAQ,457786025000
336570,원텍,KOSDAQ,457116907520
214430,아이쓰리시스템,KOSDAQ,453047330000
033790,피노,KOSDAQ,450771408670
005389,현대차3우B,KOSPI,444543332000
030520,한컴,KOSDAQ,444181897280
417310,코람코더원리츠,KOSPI,441572000000
236200,슈프리마,KOSDAQ,440776455200
122640,예스티,KOSDAQ,436412415000
004690,삼천리,KOSPI,434125206900
019170,신풍제약,KOSPI,430880250840
484870,엠앤씨솔루션,KOSPI,428951754000
486990,노타,KOSDAQ,428918221500
161000,애경케미칼,KOSPI,427622152110
004700,조광피혁,KOSPI,426874659600
036810,에프에스티,KOSDAQ,426284345410
215200,메가스터디교육,KOSDAQ,424973856000
002810,삼영무역,KOSPI,421969761800
042000,카페24,KOSDAQ,421183703980
035890,서희건설,KOSDAQ,420366785400
278280,천보,KOSDAQ,419666106250
014830,유니드,KOSPI,418237680000
104830,원익머트리얼즈,KOSDAQ,417955200000
003000,부광약품,KOSPI,417351558330
357120,코람코라이프인프라리츠,KOSPI,417081991890
077360,덕산하이메탈,KOSDAQ,415294198280
072710,농심홀딩스,KOSPI,415082205000
389470,인벤티지랩,KOSDAQ,413869718800
095660,네오위즈,KOSDAQ,413040002310
365340,성일하이텍,KOSDAQ,412183568500
272290,이녹스첨단소재,KOSDAQ,411709560850
078130,국일제지,KOSDAQ,409248330810
001200,유진투자증권,KOSPI,405870291420
078340,컴투스,KOSDAQ,404454419850
003280,흥아해운,KOSPI,400307456835
016590,신대양제지,KOSPI,400157352600
033160,엠케이전자,KOSDAQ,398966744340
029530,신도리코,KOSPI,398830675450
036620,감성코퍼레이션,KOSDAQ,398092841920
372320,큐로셀,KOSDAQ,396667309600
002030,아세아,KOSPI,396123124800
403550,쏘카,KOSPI,394195997380
452260,한화갤러리아,KOSPI,393535008300
368770,파이버프로,KOSDAQ,393265073250
344820,KCC글라스,KOSPI,392874595200
027410,BGF,KOSPI,390524507280
025900,동화기업,KOSDAQ,388279948800
064290,인텍플러스,KOSDAQ,386783703300
013030,하이록코리아,KOSDAQ,386583530400
031430,신세계인터내셔날,KOSPI,386245440000
253590,네오셈,KOSDAQ,386048643200
194370,제이에스코퍼레이션,KOSPI,385922881400
015360,INVENI,KOSPI,385860000000
016610,DB증권,KOSPI,384564284340
950210,프레스티지바이오파마,KOSPI,384014430450
005420,코스모화학,KOSPI,383314115440
170920,엘티씨,KOSDAQ,382421361200
271940,일진하이솔루스,KOSPI,381288495000
448900,한국피아이엠,KOSDAQ,380868453900
041190,우리기술투자,KOSDAQ,380100000000
069080,웹젠,KOSDAQ,378721212250
381970,케이카,KOSPI,377385155040
078160,메디포스트,KOSDAQ,377148280860
027360,아주IB투자,KOSDAQ,376762212660
024850,HLB이노베이션,KOSDAQ,375961960960
200710,에이디테크놀로지,KOSDAQ,374243794600
425420,티에프이,KOSDAQ,373502225250
025980,아난티,KOSDAQ,373149296650
441270,파인엠텍,KOSDAQ,372930696890
306200,세아제강,KOSPI,372122560000
001940,KISCO홀딩스,KOSPI,370712337000
130660,한전산업,KOSPI,368380000000
004710,한솔테크닉스,KOSPI,368120331810
092230,KPX홀딩스,KOSPI,367121737400
105630,한세실업,KOSPI,366800000000
009900,명신산업,KOSPI,366241528340
005950,이수화학,KOSPI,364963065720
170900,동아에스티,KOSPI,364795537500
003800,에이스침대,KOSDAQ,364306500000
241770,메카로,KOSDAQ,363877248000
008730,율촌화학,KOSPI,362576000000
033640,네패스,KOSDAQ,360184735240
011760,현대코퍼레이션,KOSPI,359166426900
204620,글로벌텍스프리,KOSDAQ,359147816300
126560,현대퓨처넷,KOSPI,358179411200
332570,PS일렉트로닉스,KOSDAQ,355942110060
060280,큐렉소,KOSDAQ,354008998200
089590,제주항공,KOSPI,353610719225
017810,풀무원,KOSPI,353377424340
007690,국도화학,KOSPI,353300740800
060980,HL홀딩스,KOSPI,352713205950
078020,LS증권,KOSDAQ,351750744600
145720,덴티움,KOSPI,350129974600
025320,시노펙스,KOSDAQ,349756509135
089010,켐트로닉스,KOSDAQ,349655062950
104700,한국철강,KOSPI,349555500000
089890,코세스,KOSDAQ,348284202000
020000,한섬,KOSPI,347927302800
002990,금호건설,KOSPI,345399958980
005610,삼립,KOSPI,345160360000
006220,제주은행,KOSPI,344722839840
029460,케이씨,KOSPI,343289665250
092730,네오팜,KOSDAQ,340594766250
069540,빛과전자,KOSDAQ,340329528940
064260,다날,KOSDAQ,337378738220
455900,엔젤로보틱스,KOSDAQ,336336634850
199800,툴젠,KOSDAQ,334261917350
290550,디케이티,KOSDAQ,332620454900
024720,콜마홀딩스,KOSPI,332330749710
183190,아세아시멘트,KOSPI,331719667840
092790,넥스틸,KOSPI,331525500000
317400,자이에스앤디,KOSPI,330814895600
389650,넥스트바이오메디컬,KOSDAQ,328194389900
002020,코오롱,KOSPI,327855072000
097520,엠씨넥스,KOSPI,327496230000
160980,싸이맥스,KOSDAQ,327181077850
039440,에스티아이,KOSDAQ,324097282300
200880,서연이화,KOSPI,324070959630
006405,삼성SDI우,KOSPI,323579200000
006910,보성파워텍,KOSDAQ,323274241920
005720,넥센,KOSPI,322094579010
101930,인화정공,KOSDAQ,321690483840
327260,RF머트리얼즈,KOSDAQ,320226806000
117730,티로보틱스,KOSDAQ,320098630170
091810,트리니티항공,KOSPI,319592067334
348210,넥스틴,KOSDAQ,319024802250
138080,오이솔루션,KOSDAQ,318727268500
0120G0,삼양바이오팜,KOSPI,318255236000
206650,유바이오로직스,KOSDAQ,317539932480
001390,KG케미칼,KOSPI,317339901600
126720,수산인더스트리,KOSPI,317149200000
217590,티엠씨,KOSPI,315393405250
018250,애경산업,KOSPI,314806425200
009290,광동제약,KOSPI,314734786560
228760,지노믹트리,KOSDAQ,313723129240
002310,아세아제지,KOSPI,313623604500
243070,휴온스,KOSDAQ,310872306750
084110,휴온스글로벌,KOSDAQ,310798384600
356680,엑스게이트,KOSDAQ,309982323120
009160,SIMPAC,KOSPI,309531533480
108670,LX하우시스,KOSPI,309384615000
02826K,삼성물산우B,KOSPI,308193900000
015860,일진홀딩스,KOSPI,307928293920
215600,신라젠,KOSDAQ,307588912080
026890,스틱인베스트먼트,KOSPI,307065029040
078520,에이블씨엔씨,KOSPI,305406250140
016800,퍼시스,KOSPI,305325000000
036890,진성티이씨,KOSDAQ,304270523630
125490,한라캐스트,KOSDAQ,302239474560
900290,GRT,KOSDAQ,301433000000
107640,한중엔시에스,KOSDAQ,300956207200
042520,한스바이오메드,KOSDAQ,300914843700
194700,노바렉스,KOSDAQ,299927152640
192650,드림텍,KOSPI,299785071950
011930,신성이엔지,KOSPI,299313122680
000157,두산2우B,KOSPI,299167730000
078350,한양디지텍,KOSDAQ,299094774840
025770,한국정보통신,KOSDAQ,298430839870
037710,광주신세계,KOSPI,297841066600
054950,제이브이엠,KOSDAQ,296202354000
244920,에이플러스에셋,KOSPI,295482547510
330860,네패스아크,KOSDAQ,295463091250
200670,휴메딕스,KOSDAQ,294785662500
265520,AP시스템,KOSDAQ,294695075180
067630,HLB생명과학,KOSDAQ,294429695070
001750,한양증권,KOSPI,294030597560
010820,퍼스텍,KOSPI,293119347380
049070,인탑스,KOSDAQ,292740712460
012030,DB,KOSPI,292305724649
092460,한라IMS,KOSDAQ,292062237600
472850,폰드그룹,KOSDAQ,291312559120
108860,셀바스AI,KOSDAQ,290679732000
096760,JW홀딩스,KOSPI,290525022060
286940,롯데이노베이트,KOSPI,290181259060
105840,우진,KOSPI,289028657700
033270,유나이티드제약,KOSPI,288939674000
482630,삼양엔씨켐,KOSDAQ,288925296000
136480,하림,KOSDAQ,287828292420
017890,한국알콜,KOSDAQ,287568468460
001230,동국홀딩스,KOSPI,287378257320
376270,HEM파마,KOSDAQ,287322050600
084010,대한제강,KOSPI,286659110640
110990,디아이티,KOSDAQ,286146000000
004430,송원산업,KOSPI,286080000000
005430,한국공항,KOSPI,284971950000
035810,이지홀딩스,KOSDAQ,284838956775
424870,이뮨온시아,KOSDAQ,284769479280
003960,사조대림,KOSPI,284098477000
034830,한국토지신탁,KOSPI,283797894520
123890,한국자산신탁,KOSPI,283295638690
025860,남해화학,KOSPI,283169405100
439090,마녀공장,KOSDAQ,282619802400
091700,파트론,KOSDAQ,282500000000
121440,골프존홀딩스,KOSDAQ,281866262440
043150,바텍,KOSDAQ,280893980960
272450,진에어,KOSPI,279792000000
468530,프로티나,KOSDAQ,279190762400
419530,SAMG엔터,KOSDAQ,279170666950
093520,매커스,KOSDAQ,279098077650
010690,화신,KOSPI,278664871800
084690,대상홀딩스,KOSPI,277750166460
051500,CJ프레시웨이,KOSDAQ,276607953800
035600,KG이니시스,KOSDAQ,276095428680
151860,KG에코솔루션,KOSDAQ,275145351560
352480,씨앤씨인터내셔널,KOSDAQ,273961010100
098070,한텍,KOSDAQ,273580068600
017390,서울가스,KOSPI,273240000000
101730,위메이드맥스,KOSDAQ,271522646640
047920,HLB제약,KOSDAQ,270594687000
340570,티앤엘,KOSDAQ,270256000000
099440,스맥,KOSDAQ,269902623270
079370,제우스,KOSDAQ,269847813000
080580,오킨스전자,KOSDAQ,269331495350
003120,일성아이에스,KOSPI,269325000000
309710,아이티켐,KOSDAQ,268443021000
008490,서흥,KOSPI,268403421600
092190,서울바이오시스,KOSDAQ,267412672890
058430,포스코스틸리온,KOSPI,267300000000
005680,삼영전자,KOSPI,266800000000
493280,아이엠바이오로직스,KOSDAQ,266612785530
182400,엔케이젠바이오텍코리아,KOSDAQ,265496721770
114810,한솔아이원스,KOSDAQ,264545835600
122900,아이마켓코리아,KOSPI,264422124400
298000,효성화학,KOSPI,264289226700
007160,사조산업,KOSPI,264000000000
267980,매일유업,KOSDAQ,262862783400
002900,TYM,KOSPI,262476000000
287840,인투셀,KOSDAQ,261382104000
064820,케이프,KOSDAQ,260460214600
180400,DXVX,KOSDAQ,259361553320
023410,유진기업,KOSDAQ,257831728105
010955,S-Oil우,KOSPI,257805520700
002710,TCC스틸,KOSPI,256369956660
121800,비덴트,KOSDAQ,256309348520
003650,미창석유,KOSPI,256253685600
036800,나이스정보통신,KOSDAQ,256165000000
200130,콜마비앤에이치,KOSDAQ,255621199020
393890,더블유씨피,KOSDAQ,255515737200
484590,삼양컴텍,KOSDAQ,254268476500
377460,큐에이드,KOSDAQ,253187202960
194480,데브시스터즈,KOSDAQ,252892777500
488900,비츠로넥스텍,KOSDAQ,251225760810
389260,대명에너지,KOSDAQ,251186876500
404990,신한서부티엔디리츠,KOSPI,250278207375
159010,아스플로,KOSDAQ,250026356250
004360,세방,KOSPI,249458619150
298690,에어부산,KOSPI,248933924416
481070,에이유브랜즈,KOSDAQ,248773140000
003920,남양유업,KOSPI,247929633900
051905,LG생활건강우,KOSPI,247777813800
394280,오픈엣지테크놀로지,KOSDAQ,246340055500
060720,KH바텍,KOSDAQ,245535073540
314930,바이오다인,KOSDAQ,243768003570
334890,이지스밸류플러스리츠,KOSPI,243764877330
168360,펨트론,KOSDAQ,243407094590
039830,오로라,KOSDAQ,242703169500
136490,선진,KOSPI,242314164760
005500,삼진제약,KOSPI,241092000000
377450,리파인,KOSDAQ,240887000000
348340,뉴로메카,KOSDAQ,240365254870
234340,헥토파이낸셜,KOSDAQ,240295283200
462350,이노스페이스,KOSDAQ,239881529760
028100,동아지질,KOSPI,239805980820
000050,경방,KOSPI,239609459800
003200,일신방직,KOSPI,239472800000
206640,바디텍메드,KOSDAQ,238796338900
001250,GS글로벌,KOSPI,238109909140
085910,네오티스,KOSDAQ,237546765960
018000,유니슨,KOSDAQ,236921933292
061090,세나테크놀로지,KOSDAQ,236744915000
484810,티엑스알로보틱스,KOSDAQ,236708017800
304360,에스바이오메딕스,KOSDAQ,235317432000
001790,대한제당,KOSPI,235009218375
005710,대원산업,KOSDAQ,234640296000
452280,한선엔지니어링,KOSDAQ,234629097300
900140,엘브이엠씨홀딩스,KOSPI,234593884448
002320,한진,KOSPI,234020729280
071200,인피니트헬스케어,KOSDAQ,233718067640
001460,BYC,KOSPI,233606010000
348950,제이알글로벌리츠,KOSPI,233298432000
073490,LIG아큐버,KOSDAQ,233057879900
475400,씨메스로보틱스,KOSDAQ,232477742860
217730,강스템바이오텍,KOSDAQ,232313748030
003720,삼영,KOSPI,230860000000
044450,KSS해운,KOSPI,230166223600
036030,케이티알파,KOSDAQ,230144866995
417840,저스템,KOSDAQ,230065972860
215000,골프존,KOSDAQ,229680189000
0030R0,대신밸류리츠,KOSPI,229555200000
043370,피에이치에이,KOSDAQ,229530000000
068930,디지털대성,KOSDAQ,229151831760
123330,제닉,KOSDAQ,229099550000
036200,유니셈,KOSDAQ,228755103580
001340,PKC,KOSPI,228292411230
134380,미원화학,KOSPI,228284018400
061970,LB세미콘,KOSDAQ,228266213580
000680,LS네트웍스,KOSPI,228134731320
000430,대원강업,KOSPI,227540000000
003070,코오롱글로벌,KOSPI,225256276740
144510,지씨셀,KOSDAQ,224996898560
461300,아이스크림미디어,KOSDAQ,224907989040
042370,비츠로테크,KOSDAQ,224796214500
450950,아스테라시스,KOSDAQ,224636724240
254490,미래반도체,KOSDAQ,224510900000
100120,뷰웍스,KOSDAQ,224285275000
065710,서호전기,KOSDAQ,224282500000
452430,사피엔반도체,KOSDAQ,224134680150
003520,영진약품,KOSPI,224043595475
030210,다올투자증권,KOSPI,223543759020
114190,강원에너지,KOSDAQ,223351974900
272110,케이엔제이,KOSDAQ,222704711250
053030,바이넥스,KOSDAQ,221925636520
317330,덕산테코피아,KOSDAQ,220942341360
009680,모토닉,KOSPI,220808235040
099430,바이오플러스,KOSDAQ,220673784760
378340,필에너지,KOSDAQ,220334718760
226320,잇츠한불,KOSPI,220170322600
000480,CR홀딩스,KOSPI,219916398100
095500,미래나노텍,KOSDAQ,219860892910
950170,JTC,KOSDAQ,219404515520
025000,KPX케미칼,KOSPI,218716514550
0011T0,채비,KOSDAQ,218550346105
044820,코스맥스비티아이,KOSPI,218009006700
389500,에스비비테크,KOSDAQ,217895534400
052330,코텍,KOSDAQ,217401849360
459510,나우로보틱스,KOSDAQ,216998547040
037270,YG PLUS,KOSPI,216772889550
033920,무학,KOSPI,216600000000
034120,SBS,KOSPI,215936410320
0008Z0,에스엔시스,KOSDAQ,215153659200
290690,아리바이오홀딩스,KOSDAQ,214869406850
365270,큐라클,KOSDAQ,214479682560
089980,상아프론테크,KOSDAQ,214093205430
011560,세보엠이씨,KOSDAQ,213295042800
067390,아스트,KOSDAQ,213105734974
298830,슈어소프트테크,KOSDAQ,212497533525
304100,솔트룩스,KOSDAQ,212332395300
023760,한국캐피탈,KOSDAQ,211458415920
094360,칩스앤미디어,KOSDAQ,211203659860
0001A0,덕양에너젠,KOSDAQ,211137694980
187660,페니트리움바이오,KOSDAQ,211049092665
000320,노루홀딩스,KOSPI,210930566370
200470,에이팩트,KOSDAQ,210327791745
456010,아이씨티케이,KOSDAQ,210284075000
241520,DSC인베스트먼트,KOSDAQ,209076000000
000650,천일고속,KOSPI,207665666000
000540,흥국화재,KOSPI,207503743350
024840,KBI메탈,KOSDAQ,206735863520
380540,옵티코어,KOSDAQ,206658126350
014940,오리엔탈정공,KOSDAQ,206448684330
017860,DS단석,KOSPI,205828421010
353810,이지바이오,KOSDAQ,205769542400
432320,KB스타리츠,KOSPI,205642484740
035150,백산,KOSPI,205619221600
448280,에코아이,KOSDAQ,205343723970
046970,우리로,KOSDAQ,204005370345
318060,그래피,KOSDAQ,203606621400
065680,우주일렉트로,KOSDAQ,202828338450
475560,더본코리아,KOSPI,202698349900
003555,LG우,KOSPI,202051452900
230240,에치에프알,KOSDAQ,202030620000
005010,휴스틸,KOSPI,201996129625
018310,삼목에스폼,KOSDAQ,201684000000
091580,상신이디피,KOSDAQ,201655953470
095570,AJ네트웍스,KOSPI,201148513755
034810,해성산업,KOSDAQ,200218163680
001630,종근당홀딩스,KOSPI,200143946950
445090,에이직랜드,KOSDAQ,199502515080
102940,코오롱생명과학,KOSDAQ,199500789720
011500,한농화성,KOSPI,199372285500
053210,스카이라이프,KOSPI,199358796225
237880,클리오,KOSDAQ,199327023590
203650,드림시큐리티,KOSDAQ,198425448284
013120,동원개발,KOSDAQ,198415698500
092870,엑시콘,KOSDAQ,198111098460
112290,와이씨켐,KOSDAQ,197964471100
425040,티이엠씨,KOSDAQ,197525310980
094480,갤럭시아머니트리,KOSDAQ,197326085140
098120,마이크로컨텍솔,KOSDAQ,196596915900
039570,HDC랩스,KOSPI,195979887550
036560,KZ정밀,KOSDAQ,195457500000
004310,현대약품,KOSPI,195200000000
042420,네오위즈홀딩스,KOSDAQ,195007677850
036190,금화피에스시,KOSDAQ,195000000000
001130,대한제분,KOSPI,194519000000
004980,성신양회,KOSPI,194412458890
241590,화승엔터프라이즈,KOSPI,194188629580
100250,진양홀딩스,KOSPI,193936500000
294570,쿠콘,KOSDAQ,193862171720
394800,쓰리빌리언,KOSDAQ,193799347770
058970,엠로,KOSDAQ,193601354040
049430,코메론,KOSDAQ,192722400000
016580,환인제약,KOSPI,192510724500
220100,퓨쳐켐,KOSDAQ,192202989400
053690,한미글로벌,KOSPI,192085851500
064850,에프앤가이드,KOSDAQ,192035887560
446540,메가터치,KOSDAQ,191922132600
000140,하이트진로홀딩스,KOSPI,191919946550
190510,나무가,KOSDAQ,191701164370
000490,대동,KOSPI,191122114950
054210,이랜텍,KOSDAQ,190948635500
092200,디아이씨,KOSPI,190553988100
003350,한국화장품제조,KOSPI,190344000000
264850,이랜시스,KOSDAQ,189947217240
036710,심텍홀딩스,KOSDAQ,189915775630
377190,디앤디플랫폼리츠,KOSPI,189618000000
128820,대성산업,KOSPI,189310475430
014710,사조씨푸드,KOSPI,188715231280
339770,교촌에프앤비,KOSPI,188368351600
270660,에브리봇,KOSDAQ,188074440060
016790,현대사료,KOSDAQ,187340898626
102260,동성케미컬,KOSPI,187224138745
03473K,SK우,KOSPI,186541482500
402030,코난테크놀로지,KOSDAQ,186510571200
214180,헥토이노베이션,KOSDAQ,186324882780
484120,도우인시스,KOSDAQ,185837877120
007860,서연,KOSPI,185490767600
204610,티쓰리,KOSDAQ,185296668700
084850,아이티엠반도체,KOSDAQ,184865912100
117580,대성에너지,KOSPI,184250000000
003547,대신증권2우B,KOSPI,184063720560
176750,듀켐바이오,KOSDAQ,184037131200
213500,한솔제지,KOSPI,183978452480
102460,이연제약,KOSPI,183823560790
088260,이리츠코크렙,KOSPI,183690611000
086390,유니테스트,KOSDAQ,183655554940
143240,사람인,KOSDAQ,182993063550
125020,티씨머티리얼즈,KOSDAQ,182901231000
033530,SJG세종,KOSPI,182603018250
126600,BGF에코머티리얼즈,KOSDAQ,182024007100
234080,JW생명과학,KOSPI,181939025460
053300,한국정보인증,KOSDAQ,181848110080
066620,국보디자인,KOSDAQ,181500000000
0082N0,카나프테라퓨틱스,KOSDAQ,180887888000
068790,DMS,KOSDAQ,180787494240
045390,대아티아이,KOSDAQ,180764212005
003610,방림,KOSPI,179499249020
950140,잉글우드랩,KOSDAQ,178810794000
013890,지누스,KOSPI,178695375950
002100,경농,KOSPI,178436335500
357550,석경에이티,KOSDAQ,178378500000
003220,대원제약,KOSPI,178299284850
078150,HB테크놀러지,KOSDAQ,178199990552
243840,신흥에스이씨,KOSDAQ,178139045700
035510,신세계 I&C,KOSPI,177837048000
192440,슈피겐코리아,KOSDAQ,177787981800
354320,알멕,KOSDAQ,177680391800
256840,한국비엔씨,KOSDAQ,177484729170
016450,한세예스24홀딩스,KOSPI,177200000000
013580,계룡건설,KOSPI,176653340460
004560,현대비앤지스틸,KOSPI,176572876810
115450,HLB테라퓨틱스,KOSDAQ,176540157237
003460,유화증권,KOSPI,176344510650
0015G0,그린광학,KOSDAQ,176240267460
222040,코스맥스엔비티,KOSDAQ,176163120000
052710,아모텍,KOSDAQ,175788928380
064550,바이오니아,KOSDAQ,175509978800
004380,삼익THK,KOSPI,175329000000
138610,나이벡,KOSDAQ,174609300480
067080,대화제약,KOSDAQ,174438010500
000300,DH오토넥스,KOSPI,174035631000
416180,신성에스티,KOSDAQ,174015726500
092130,이크레더블,KOSDAQ,173186968000
308430,셀비온,KOSDAQ,172026995830
094820,일진파워,KOSDAQ,171746495510
051160,지어소프트,KOSDAQ,171611428700
002150,도화엔지니어링,KOSPI,171297600000
001780,알루코,KOSPI,171195673376
006805,미래에셋증권우,KOSPI,170879605000
019010,베뉴지,KOSDAQ,170869000000
0039P0,매드업,KOSDAQ,170583118000
000700,유수홀딩스,KOSPI,170313450480
403850,더핑크퐁컴퍼니,KOSDAQ,170059468500
138360,앤로보틱스,KOSDAQ,169701718686
001045,CJ우,KOSPI,169516725000
487570,HS효성,KOSPI,169343382150
097955,CJ제일제당 우,KOSPI,168451247700
010580,에스엠벡셀,KOSPI,168435164640
123860,아나패스,KOSDAQ,167666829450
041920,메디아나,KOSDAQ,167569989230
245620,EDGC,KOSDAQ,167118555474
080160,모두투어,KOSDAQ,167076000000
001080,만호제강,KOSPI,167037500000
038390,레드캡투어,KOSDAQ,166706595340
039840,디오,KOSDAQ,165953792360
012860,모베이스전자,KOSDAQ,165873780105
001540,안국약품,KOSDAQ,165769158200
048550,SM C&C,KOSDAQ,165768858680
000390,SP삼화,KOSPI,165669126210
002170,SYTS,KOSPI,165000000000
260970,에스앤디,KOSDAQ,164597702600
093190,빅솔론,KOSDAQ,164300248700
082800,비보존 제약,KOSDAQ,164246696530
065660,안트로젠,KOSDAQ,164200101000
025560,미래산업,KOSPI,164179203000
475040,스트라드비젼,KOSDAQ,164025825040
108380,대양전기공업,KOSDAQ,163888414290
101530,해태제과식품,KOSPI,162763034980
462520,조선내화,KOSPI,162534353280
187870,디바이스,KOSDAQ,162486708000
179290,엠아이텍,KOSDAQ,162475703560
143160,아이디스,KOSDAQ,162138980700
119610,인터로조,KOSDAQ,162075207400
086670,비엠티,KOSDAQ,161692666650
083930,아바코,KOSDAQ,161302966510
400760,NH올원리츠,KOSPI,160668129375
199820,제일일렉트릭,KOSDAQ,160650600000
007570,일양약품,KOSPI,160510434240
023910,대한약품,KOSDAQ,160500000000
016880,웅진,KOSPI,159854160000
066410,버킷스튜디오,KOSDAQ,159637252154
123410,코리아에프티,KOSDAQ,159529296720
051370,인터플렉스,KOSDAQ,159326633760
046070,코다코,KOSDAQ,159196994920
489460,바이오비쥬,KOSDAQ,158892900990
216080,제테마,KOSDAQ,158843041740
046440,KG파이낸셜,KOSDAQ,158695098350
013990,아가방컴퍼니,KOSDAQ,158682361200
314130,지놈앤컴퍼니,KOSDAQ,158441438570
005960,동부건설,KOSPI,158331974700
015230,대창단조,KOSPI,158247304600
036170,에이치엠넥스,KOSDAQ,157709658820
032620,GC메디아이,KOSDAQ,157635359780
072870,메가스터디,KOSDAQ,157475868390
460850,동국씨엠,KOSPI,157266930560
293480,하나제약,KOSPI,157112842640
078070,유비쿼스홀딩스,KOSDAQ,157111944030
046120,오르비텍,KOSDAQ,156919931955
000860,강남제비스코,KOSPI,156650000000
088800,에이스테크,KOSDAQ,156298318380
032580,피델릭스,KOSDAQ,155886361120
293780,압타바이오,KOSDAQ,155637463700
234690,녹십자웰빙,KOSDAQ,155562091400
126700,하이비젼시스템,KOSDAQ,155547385920
00279K,아모레퍼시픽홀딩스3우C,KOSPI,155319180000
307180,아이엘,KOSDAQ,155230417580
024060,흥구석유,KOSDAQ,154950000000
054800,아이디스홀딩스,KOSDAQ,154905907320
084990,헬릭스미스,KOSDAQ,154871797920
011040,경동제약,KOSDAQ,154766892980
007330,푸른저축은행,KOSDAQ,154749528000
049960,쎌바이오텍,KOSDAQ,154160000000
041020,폴라리스오피스,KOSDAQ,153522920370
090350,노루페인트,KOSPI,153400000000
003830,대한화섬,KOSPI,153118400000
464080,에스오에스랩,KOSDAQ,152908823400
199430,케이엔알시스템,KOSDAQ,152839636950
255220,SG,KOSDAQ,152512116384
122990,와이솔,KOSDAQ,152109152510
338840,와이바이오로직스,KOSDAQ,151669141470
000970,한국주철관,KOSPI,151623325000
011785,금호석유화학우,KOSPI,151476648600
271980,제일약품,KOSPI,151460181600
079960,동양이엔피,KOSDAQ,151410742900
000520,삼일제약,KOSPI,151191922670
086820,바이오솔루션,KOSDAQ,150878174700
071840,롯데하이마트,KOSPI,150381125440
009470,삼화전기,KOSPI,149472332000
067280,멀티캠퍼스,KOSDAQ,149354830800
264450,유비쿼스,KOSDAQ,149148063810
372170,윤성에프앤씨,KOSDAQ,147851759440
031440,신세계푸드,KOSPI,147735112000
024800,유성티엔에스,KOSDAQ,147418173450
004970,신라교역,KOSPI,147360000000
012210,삼미금속,KOSDAQ,147299589810
002210,동성제약,KOSPI,146861650640
334970,프레스티지바이오로직스,KOSDAQ,146485968108
104480,티케이케미칼,KOSDAQ,145160008098
048870,시너지이노베이션,KOSDAQ,145112168061
025820,이구산업,KOSPI,144803860000
382800,지앤비에스 에코,KOSDAQ,144353770935
039860,나노엔텍,KOSDAQ,143610809810
355150,코스텍시스,KOSDAQ,143471240000
272550,삼양패키징,KOSPI,143451225120
094840,슈프리마에이치큐,KOSDAQ,143267252490
005990,매일홀딩스,KOSDAQ,143222734080
083310,엘오티베큠,KOSDAQ,143192665320
092070,디엔에프,KOSDAQ,143143883460
408920,메쎄이상,KOSDAQ,141586290125
462860,더즌,KOSDAQ,141503863356
413630,씨피시스템,KOSDAQ,141374027400
049630,재영솔루텍,KOSDAQ,140891788170
388050,지투파워,KOSDAQ,140882060610
101970,우양에이치씨,KOSDAQ,140800885680
114840,아이패밀리에스씨,KOSDAQ,140624075550
251370,와이엠티,KOSDAQ,140322929270
006060,화승인더,KOSPI,140236200000
023600,삼보판지,KOSDAQ,140232708000
000020,동화약품,KOSPI,139936664700
274090,켄코아에어로스페이스,KOSDAQ,139808201050
322510,제이엘케이,KOSDAQ,139691593560
321550,티움바이오,KOSDAQ,139378524000
003480,한진중공업홀딩스,KOSPI,139085414520
094280,효성ITX,KOSPI,139045146000
054450,텔레칩스,KOSDAQ,139024058940
418550,제이오,KOSDAQ,138796612455
389020,자람테크놀로지,KOSDAQ,138792148200
339950,아이비김영,KOSDAQ,138660430675
005160,동국산업,KOSDAQ,138594651510
310200,애니플러스,KOSDAQ,138492329580
060150,인선이엔티,KOSDAQ,138285562420
015890,태경산업,KOSPI,137375125000
040350,크레오에스지,KOSDAQ,137206314360
080420,모다이노칩,KOSDAQ,137041468218
086890,이수앱지스,KOSDAQ,136392180990
069510,에스텍,KOSDAQ,136375000000
020120,키다리스튜디오,KOSPI,135838702390
212560,네오오토,KOSDAQ,135268070440
263860,지니언스,KOSDAQ,135195244000
119830,아이텍,KOSDAQ,134815762880
293580,나우IB,KOSDAQ,134610669100
004090,한국석유,KOSPI,134430730800
382900,범한퓨얼셀,KOSDAQ,134218520000
126640,화신정공,KOSDAQ,133212458000
035610,솔본,KOSDAQ,133038275405
013520,화승코퍼레이션,KOSPI,132886074060
049720,고려신용정보,KOSDAQ,132847000000
300080,플리토,KOSDAQ,132703826040
008350,남선알미늄,KOSPI,132693304520
089600,KT나스미디어,KOSDAQ,132455466350
147830,제룡산업,KOSDAQ,132400000000
269620,시스웍,KOSDAQ,132090012299
003100,선광,KOSDAQ,132000000000
457550,우진엔텍,KOSDAQ,131583686960
214420,토니모리,KOSPI,131579750530
093640,케이알엠,KOSDAQ,131210645420
041520,이엘씨,KOSDAQ,131028847500
038290,마크로젠,KOSDAQ,130855698000
004080,신흥,KOSPI,130758000000
136540,윈스테크넷,KOSDAQ,130656497440
001290,상상인증권,KOSPI,130329555360
037560,LG헬로비전,KOSPI,129800945740
004150,한솔홀딩스,KOSPI,129233853000
474650,링크솔루션,KOSDAQ,128845516800
240550,동방메디컬,KOSDAQ,128534391600
0007C0,아크릴,KOSDAQ,128404880760
0088M0,메쥬,KOSDAQ,128363932500
018470,조일알미늄,KOSPI,128151301652
007540,샘표,KOSPI,127829310000
361390,제노코,KOSDAQ,127741318720
140670,알에스오토메이션,KOSDAQ,127499611200
205500,넥써쓰,KOSDAQ,127042055245
012610,경인양행,KOSPI,126929913250
002390,한독,KOSPI,126899774260
024090,디씨엠,KOSPI,126882000000
405100,큐알티,KOSDAQ,126825586320
089470,HDC현대EP,KOSPI,126802500000
445180,퓨릿,KOSDAQ,126684315560
038540,상상인,KOSDAQ,126148553640
095190,신화프리텍,KOSDAQ,126017952122
036690,코맥스,KOSDAQ,125692107675
322310,오로스테크놀로지,KOSDAQ,125417997380
086980,쇼박스,KOSDAQ,124501372000
297890,HB솔루션,KOSDAQ,124485835628
463020,뉴엔AI,KOSDAQ,124382848000
059120,아진엑스텍,KOSDAQ,124325348140
101360,에코앤드림,KOSDAQ,124324936860
242040,나무에이엑스,KOSDAQ,124063456440
214390,경보제약,KOSPI,123837534800
081000,일진다이아,KOSPI,123565882500
264660,씨앤지하이테크,KOSDAQ,123458884400
102120,어보브반도체,KOSDAQ,123398425820
388790,라이콤,KOSDAQ,123375064800
333430,일승,KOSDAQ,123367889205
210540,디와이파워,KOSPI,123225461280
451760,컨텍,KOSDAQ,122817838560
037070,파세코,KOSDAQ,122800000000
146320,비씨엔씨,KOSDAQ,122604102340
107590,미원홀딩스,KOSPI,122264000000
001360,삼성제약,KOSPI,121939892305
350520,이지스레지던스리츠,KOSPI,121658466600
458650,성우,KOSDAQ,121569013600
340450,지씨지놈,KOSDAQ,121092060160
011280,태림포장,KOSPI,121007351460
394420,리센스메디컬,KOSDAQ,120996711000
232680,라온로보틱스,KOSDAQ,120908400000
267290,경동도시가스,KOSPI,120855823000
118990,모트렉스,KOSDAQ,120723865320
004960,한신공영,KOSPI,120682421860
285490,노바텍,KOSDAQ,120670231710
256940,킵스파마,KOSDAQ,120468882000
005800,신영와코루,KOSPI,120240000000
489500,엘케이켐,KOSDAQ,119963537260
051360,토비스,KOSDAQ,119845933240
014280,금강공업,KOSPI,119663776560
067290,JW신약,KOSDAQ,119359029390
211270,AP위성,KOSDAQ,119301024640
077500,유니퀘스트,KOSPI,119232563040
246710,티앤알바이오팹,KOSDAQ,119161260000
009270,신원,KOSPI,119131667934
027710,팜스토리,KOSDAQ,119104345400
095700,제넥신,KOSDAQ,119088391810
488280,에스투더블유,KOSDAQ,118863836280
002620,제일파마홀딩스,KOSPI,118682027650
106190,하이텍팜,KOSDAQ,118559878950
021320,KCC건설,KOSDAQ,118556000000
011690,와이투솔루션,KOSPI,118555192620
079430,현대리바트,KOSPI,118472649780
002460,HS화성,KOSPI,118349000000
009070,KCTC,KOSPI,117750000000
226590,엠디바이스,KOSDAQ,117563120480
108230,톱텍,KOSDAQ,117491827050
083420,그린케미칼,KOSPI,117360000000
049520,유아이엘,KOSDAQ,117356188125
259630,엠플러스,KOSDAQ,116723881800
122450,KX,KOSDAQ,116531568400
126730,코칩,KOSDAQ,116467273280
227840,현대코퍼레이션홀딩스,KOSPI,116308684080
001520,동양,KOSPI,116227404720
078000,텔코웨어,KOSPI,116147767890
307750,국전,KOSDAQ,116070519200
041590,플래스크,KOSDAQ,116064014460
478340,나라스페이스테크놀로지,KOSDAQ,116048433990
034590,인천도시가스,KOSPI,115493505600
473980,노머스,KOSDAQ,115357171200
289080,SV인베스트먼트,KOSDAQ,114803886797
008970,KBI동양철관,KOSPI,114558665328
217270,넵튠,KOSDAQ,114502325350
267320,나인테크,KOSDAQ,114313852345
950190,고스트스튜디오,KOSDAQ,113899266250
220260,켐트로스,KOSDAQ,113695434975
090850,현대이지웰,KOSDAQ,113063852090
067990,도이치모터스,KOSDAQ,112786690750
002780,진흥기업,KOSPI,112740602375
054920,한컴위드,KOSDAQ,112727238595
142210,유니트론텍,KOSDAQ,112680118290
051980,중앙첨단소재,KOSDAQ,112646992926
041440,현대에버다임,KOSDAQ,112402785600
042600,새로닉스,KOSDAQ,112309108960
402490,그린리소스,KOSDAQ,112111136540
035080,그래디언트,KOSDAQ,112026583200
265740,엔에프씨,KOSDAQ,111647500000
037350,성도이엔지,KOSDAQ,111489300000
014580,태경비케이,KOSPI,111435724000
016710,대성홀딩스,KOSPI,111339056280
149950,아바텍,KOSDAQ,111255102420
189330,씨이랩,KOSDAQ,111180065400
282880,코윈테크,KOSDAQ,111093779000
054050,NH농우바이오,KOSDAQ,111091787730
052260,현대바이오랜드,KOSDAQ,111000000000
010100,한국무브넥스,KOSPI,110991780900
163730,핑거,KOSDAQ,110905067910
014530,극동유화,KOSPI,110884755600
053260,금강철강,KOSDAQ,110822400000
047310,파워로직스,KOSDAQ,110747533875
452450,피아이이,KOSDAQ,110607495000
017510,세명전기,KOSDAQ,110533500000
021080,에이티넘인베스트,KOSDAQ,110400000000
432720,퀄리타스반도체,KOSDAQ,110379310160
418420,라온텍,KOSDAQ,110326790430
018120,진로발효,KOSDAQ,110307859200
006620,동구바이오제약,KOSDAQ,109874869120
338220,뷰노,KOSDAQ,109634274090
012320,경동인베스트,KOSPI,109500564900
011810,STX,KOSPI,109493282310
148150,세경하이테크,KOSDAQ,109471879440
469610,이노테크,KOSDAQ,109461096000
063570,NICE인프라,KOSDAQ,109443468240
474170,루미르,KOSDAQ,109400653440
371950,풍원정밀,KOSDAQ,109233481360
357880,SKAI,KOSDAQ,109056498880
009780,엠에스씨,KOSDAQ,108944000000
053080,케이엔솔,KOSDAQ,108938382660
308080,바이젠셀,KOSDAQ,108441085400
166480,코아스템켐온,KOSDAQ,108384270800
115310,인포바인,KOSDAQ,108344465445
013570,디와이,KOSPI,108305289795
017550,수산세보틱스,KOSPI,108262490550
453450,그리드위즈,KOSDAQ,108259682500
019180,티에이치엔,KOSPI,108180000000
101170,우림피티에스,KOSDAQ,108000000000
067900,와이엔텍,KOSDAQ,107923977870
053700,삼보모터스,KOSDAQ,107798079495
299030,하나기술,KOSDAQ,107691437700
056090,시지메드텍,KOSDAQ,107492656476
290720,푸드나무,KOSDAQ,107443045530
396300,세아메카닉스,KOSDAQ,107150027500
248170,샘표식품,KOSPI,107126306700
035000,HS애드,KOSPI,106970450400
073010,케이에스피,KOSDAQ,106908725000
120030,조선선재,KOSPI,106523039700
039340,한국경제TV,KOSDAQ,106480000000
153890,져스텍,KOSDAQ,106404193150
0015N0,아로마티카,KOSDAQ,106274990900
012800,대창,KOSPI,106178681335
012200,계양전기,KOSPI,106032918955
331920,셀레믹스,KOSDAQ,105665694750
120240,대정화금,KOSDAQ,105554939880
059210,메타바이오메드,KOSDAQ,105425206600
009580,무림P&P,KOSPI,105402467560
004250,NPC,KOSPI,105386400000
362320,청담글로벌,KOSDAQ,105121911300
039560,다산네트웍스,KOSDAQ,104862304260
092220,KEC,KOSPI,104798359080
058820,CMG제약,KOSDAQ,104575230536
255440,야스,KOSDAQ,104333420000
267850,아시아나IDT,KOSPI,104229000000
002220,한일철강,KOSPI,104120094000
078935,GS우,KOSPI,104111046000
228850,레이언스,KOSDAQ,104025657780
105330,케이엔더블유,KOSDAQ,103966684800
158430,아톤,KOSDAQ,103804070080
036220,오상헬스케어,KOSDAQ,103743266000
109740,디에스케이,KOSDAQ,103741423650
226400,오스테오닉,KOSDAQ,103721237020
021820,세원정공,KOSPI,103500000000
192410,오늘이엔엠,KOSDAQ,103388156445
070960,모나용평,KOSPI,103245999285
073560,우리손에프앤지,KOSDAQ,102679424569
474610,RF시스템즈,KOSDAQ,102636366400
297090,씨에스베어링,KOSDAQ,102535200000
309960,LB인베스트먼트,KOSDAQ,102504110185
002450,삼익악기,KOSPI,102480995780
417500,제이아이테크,KOSDAQ,102124477560
013310,아진산업,KOSDAQ,102061310660
123690,한국화장품,KOSPI,102031800000
027970,한국제지,KOSPI,101920785920
032940,원익,KOSDAQ,101882088000
264900,크라운제과,KOSPI,101693662000
141000,비아트론,KOSDAQ,101521269800
083500,에프엔에스테크,KOSDAQ,101503926940
023450,동남합성,KOSPI,101325000000
131030,옵투스제약,KOSDAQ,101114960700
100700,세운메디칼,KOSDAQ,100959000000
336680,탑런토탈솔루션,KOSDAQ,100799811850
119650,KC코트렐,KOSPI,100782913662
123040,엠에스오토텍,KOSDAQ,100643676493
380550,뉴로핏,KOSDAQ,100396667180
047770,코데즈컴바인,KOSDAQ,100282895300
066590,스모트로닉,KOSDAQ,99982467145
417010,나노팀,KOSDAQ,99855003600
006840,AK홀딩스,KOSPI,99754134330
246720,아스타,KOSDAQ,99434491000
352090,스톰테크,KOSDAQ,99295727610
115500,케이씨에스,KOSDAQ,98760000000
37550L,DL이앤씨2우(전환),KOSPI,97994526400
366030,나인앤컴퍼니,KOSDAQ,97751362750
047560,이스트소프트,KOSDAQ,97550580600
066790,씨씨에스,KOSDAQ,97355245995
129920,대성하이텍,KOSDAQ,97329689040
475580,에이럭스,KOSDAQ,97009288000
016740,두올,KOSPI,96918201120
042500,링네트,KOSDAQ,96743564960
091440,한울소재과학,KOSDAQ,96635195925
068240,다원시스,KOSDAQ,96553495610
040300,YTN,KOSDAQ,96307499600
205100,엑셈,KOSDAQ,96274908126
317770,엑스페릭스,KOSDAQ,96190878000
217820,원익피앤이,KOSDAQ,96095481975
007210,벽산,KOSPI,96013840000
036630,세종텔레콤,KOSDAQ,95900000000
210980,SK디앤디,KOSPI,95879517300
307930,컴퍼니케이,KOSDAQ,95845400000
323990,박셀바이오,KOSDAQ,95703974675
298540,더네이쳐홀딩스,KOSDAQ,95610147600
039980,폴라리스AI,KOSDAQ,95203636680
088130,동아엘텍,KOSDAQ,95120108160
0017J0,세미티에스,KOSDAQ,95081045565
052460,아이크래프트,KOSDAQ,94805504640
209640,와이제이링크,KOSDAQ,94715676180
187790,나노,KOSDAQ,94372939800
086710,선진뷰티사이언스,KOSDAQ,94087288800
014790,HL D&I,KOSPI,94078623485
365660,레몬헬스케어,KOSDAQ,94054357410
013700,까뮤이앤씨,KOSPI,93868553930
125210,아모그린텍,KOSDAQ,93866735100
282720,금양그린파워,KOSDAQ,93804930000
005860,한일사료,KOSDAQ,93780770300
008260,NI스틸,KOSPI,93522382590
099750,이지케어텍,KOSDAQ,93428743320
063170,서울옥션,KOSDAQ,93137159080
002230,피에스텍,KOSDAQ,93026403500
330350,위더스제약,KOSDAQ,92793750400
058850,KTcs,KOSPI,92745968000
036580,팜스코,KOSPI,92554416360
023900,풍국주정,KOSDAQ,92484000000
109610,에스와이,KOSDAQ,92386078600
396470,워트,KOSDAQ,92367600000
139990,아주스틸,KOSPI,92044108250
235980,메드팩토,KOSDAQ,92028699885
067830,세이브존I&C,KOSPI,91931604800
008700,아남전자,KOSPI,91855660620
032560,황금에스티,KOSPI,91800000000
357230,에이치피오,KOSDAQ,91671516720
419050,삼기에너지솔루션즈,KOSDAQ,91228002800
302550,리메드,KOSDAQ,91176092500
093920,서원인텍,KOSDAQ,91140000000
040420,정상제이엘에스,KOSDAQ,90929801600
014440,영보화학,KOSPI,90600000000
044990,에이치엔에스하이텍,KOSDAQ,90534306500
322180,LS티라유텍,KOSDAQ,90498606260
104460,디와이피엔에프,KOSDAQ,90455668600
418470,KT밀리의서재,KOSDAQ,90369073950
008040,사조동아원,KOSPI,90332544000
172670,에이엘티,KOSDAQ,90140205540
071280,로체시스템즈,KOSDAQ,90096991670
033290,로젠,KOSDAQ,90074706804
037030,파워넷,KOSDAQ,90060861760
182360,큐브엔터,KOSDAQ,89878127220
289930,웨이비스,KOSDAQ,89807738300
001275,부국증권우,KOSPI,89700000000
074430,아미노로직스,KOSDAQ,89462426830
250060,모비스,KOSDAQ,89436252920
033560,블루콤,KOSDAQ,89433000000
042510,라온시큐어,KOSDAQ,89290857120
078140,대봉엘에스,KOSDAQ,88914363580
004140,동방,KOSPI,88699795334
053580,웹케시,KOSDAQ,88478797880
348350,위드텍,KOSDAQ,88410396000
023000,삼원강재,KOSPI,88024002540
487580,폴레드,KOSDAQ,88014099195
019540,일지테크,KOSDAQ,87972885000
004100,태양금속,KOSPI,87896500000
058860,KTis,KOSPI,87875050000
052420,오성첨단소재,KOSDAQ,87872921180
025950,동신건설,KOSDAQ,87864000000
263720,디앤씨미디어,KOSDAQ,87508766550
019680,대교,KOSPI,87226986800
029480,광무,KOSDAQ,87189932720
330730,스톤브릿지벤처스,KOSDAQ,86899049100
065450,빅텍,KOSDAQ,86865139835
096240,크레버스,KOSDAQ,86410239200
337930,젝시믹스,KOSDAQ,86358542250
015590,DKME,KOSPI,86341830036
049950,미래컴퍼니,KOSDAQ,86327084360
062970,한국첨단소재,KOSDAQ,86203807140
006660,삼성공조,KOSPI,86138928400
069730,DSR제강,KOSPI,86112000000
149980,하이로닉,KOSDAQ,85995230000
004650,창해에탄올,KOSDAQ,85567139350
452190,한빛레이저,KOSDAQ,85515991275
017650,대림제지,KOSDAQ,85390200000
025620,차AI헬스케어,KOSPI,85376633370
0156T0,에이치엘지노믹스,KOSDAQ,85292484560
494120,큐리오시스,KOSDAQ,85149483120
100130,동국S&C,KOSDAQ,85085927000
072020,중앙백신,KOSDAQ,85069817390
044340,위닉스,KOSDAQ,84809401625
004840,DRB동일,KOSPI,84702039780
387690,레메디,KOSDAQ,84646280100
228670,레이,KOSDAQ,84456113400
032300,한국파마,KOSDAQ,84417865740
130580,나이스디앤비,KOSDAQ,84392000000
007980,TP,KOSPI,84368332650
215100,로보로보,KOSDAQ,84140857290
054540,삼영엠텍,KOSDAQ,84110000000
389030,지니너스,KOSDAQ,84102498585
049180,셀루메드,KOSDAQ,83975227728
311320,지오엘리먼트,KOSDAQ,83886824000
475230,엔알비,KOSDAQ,83810872270
183490,엔지켐생명과학,KOSDAQ,83793832650
005740,크라운해태홀딩스,KOSPI,83590563610
363280,티와이홀딩스,KOSPI,83442108722
063080,컴투스홀딩스,KOSDAQ,83099419200
004890,동일산업,KOSPI,83063613750
086960,MDS테크,KOSDAQ,82930906500
002600,조흥,KOSPI,82800000000
054040,한국컴퓨터,KOSDAQ,82606430600
0218L0,네오뷰,KOSDAQ,82572138750
009300,삼아제약,KOSDAQ,82364100000
023800,인지컨트롤스,KOSPI,81891640460
0011A0,액스비스,KOSDAQ,81856899800
950250,테라뷰,KOSDAQ,81690781300
131370,알서포트,KOSDAQ,81605171156
054670,대한뉴팜,KOSDAQ,81535945600
493330,지에프아이,KOSDAQ,81530935200
175250,아이큐어,KOSDAQ,81501658560
049080,기가레인,KOSDAQ,81488006400
234300,에스트래픽,KOSDAQ,81487301100
102370,케이옥션,KOSDAQ,81418672050
058630,엠게임,KOSDAQ,81379108290
052900,KX하이텍,KOSDAQ,81268175400
053350,이니텍,KOSDAQ,81147624525
263800,데이타솔루션,KOSDAQ,81126900000
412540,제일엠앤에스,KOSDAQ,81063616775
037760,쎄니트,KOSDAQ,80860681190
066430,아이로보틱스,KOSDAQ,80656160560
052860,아이앤씨,KOSDAQ,80400843000
053280,예스24,KOSDAQ,80375000000
413390,엠오티,KOSDAQ,80366449200
011700,한신기계,KOSPI,80304223725
214260,라파스,KOSDAQ,80302167000
006090,사조오양,KOSPI,80281736280
019550,SBI인베스트먼트,KOSDAQ,80141920843
377480,마음AI,KOSDAQ,80132799250
101330,모베이스,KOSDAQ,80088720340
223250,드림씨아이에스,KOSDAQ,80074445220
163560,동일고무벨트,KOSPI,80064000000
950130,엑세스바이오,KOSDAQ,80020472350
048530,인트론바이오,KOSDAQ,79855194430
012700,리드코프,KOSDAQ,79763324340
067370,선바이오,KOSDAQ,79756381730
002200,한국수출포장,KOSPI,79729859580
047820,초록뱀미디어,KOSDAQ,79719811800
001470,삼부토건,KOSPI,79699592928
078890,가온그룹,KOSDAQ,79503629045
038110,에코플라스틱,KOSDAQ,79292206620
036640,HRS,KOSDAQ,79157232000
331380,포커스에이아이,KOSDAQ,78971470560
067000,조이시티,KOSDAQ,78781183642
066700,테라젠이텍스,KOSDAQ,78763037120
381620,제닉스로보틱스,KOSDAQ,78707520000
079650,서산,KOSDAQ,78700000000
080010,이상네트웍스,KOSDAQ,78680568000
290740,액트로,KOSDAQ,78507085800
084680,이월드,KOSPI,78277018536
009190,대양금속,KOSPI,78163610675
217330,싸이토젠,KOSDAQ,77946573390
036010,아비코전자,KOSDAQ,77896593240
111380,동인기연,KOSPI,77886880000
303810,동국생명과학,KOSDAQ,77881380900
011370,서한,KOSDAQ,77689046050
107600,새빗켐,KOSDAQ,77518740880
115440,우리넷,KOSDAQ,77503016560
096775,SK이노베이션우,KOSPI,77402412000
054620,APS,KOSDAQ,77255728200
265560,영화테크,KOSDAQ,77183099600
009180,한솔로지스틱스,KOSPI,77146960500
004590,한국가구,KOSDAQ,77100000000
294630,서남,KOSDAQ,76980114995
173130,오파스넷,KOSDAQ,76843725970
162300,신스틸,KOSDAQ,76804999464
038680,에스넷,KOSDAQ,76763234910
156100,엘앤케이바이오,KOSDAQ,76664454790
000105,유한양행우,KOSPI,76643006000
014160,대영포장,KOSPI,76634946143
013360,일성건설,KOSPI,76553254960
451250,삐아,KOSDAQ,76489559960
007610,선도전기,KOSPI,76320000000
007590,동방아그로,KOSPI,76258431200
000590,CS홀딩스,KOSPI,76195812000
073640,테라사이언스,KOSDAQ,76111715580
900260,로스웰,KOSDAQ,75902985194
040910,아이씨디,KOSDAQ,75786726750
320000,한울반도체,KOSDAQ,75768075000
063160,종근당바이오,KOSPI,75596556360
024880,케이피에프,KOSDAQ,75479046840
065510,휴비츠,KOSDAQ,75383812350
096250,와이즈넛,KOSDAQ,75260791970
306620,지아이에스,KOSDAQ,74885691408
109070,주성코퍼레이션,KOSPI,74884906140
270520,앱튼,KOSDAQ,74703873200
017480,삼현철강,KOSDAQ,74589158700
013870,지엠비코리아,KOSPI,74477253400
443670,에스피소프트,KOSDAQ,74432748400
043610,KT지니뮤직,KOSDAQ,74387760640
083790,CG인바이츠,KOSDAQ,74279779812
0117P0,피스피스스튜디오,KOSDAQ,74245093640
060590,씨티씨바이오,KOSDAQ,74235731400
020710,시공테크,KOSDAQ,74177489000
066980,한성크린텍,KOSDAQ,74116010016
170030,현대공업,KOSDAQ,74015500000
000440,중앙에너비스,KOSDAQ,73978304400
000230,일동홀딩스,KOSPI,73858560000
000180,성창기업지주,KOSPI,73797192800
010960,삼호개발,KOSPI,73686600000
004720,팜젠사이언스,KOSPI,73626686250
003580,HLB글로벌,KOSPI,73563409260
475430,키스트론,KOSDAQ,73534213200
090470,제이스로보틱스,KOSDAQ,73489077770
332370,아이디피,KOSDAQ,73403704780
061250,화일약품,KOSDAQ,73401332480
104040,디에스엠,KOSDAQ,73335100275
155660,DSR,KOSPI,73280000000
253840,수젠텍,KOSDAQ,73251500000
347890,엠엑스온,KOSDAQ,73241843220
005750,대림바스,KOSPI,73171778400
067570,엔브이에이치코리아,KOSDAQ,73080610000
171120,라이온켐텍,KOSDAQ,72880572800
024830,세원물산,KOSDAQ,72728500000
208140,정다운,KOSDAQ,72722447350
389140,포바이포,KOSDAQ,72632951150
030960,양지사,KOSDAQ,72629100000
017370,우신시스템,KOSPI,72523653840
307870,비투엔,KOSDAQ,72441802875
041910,폴라리스AI파마,KOSDAQ,72394257500
038460,바이오스마트,KOSDAQ,72285190120
001260,남광토건,KOSPI,72269404200
003010,혜인,KOSPI,72208402960
000850,화천기공,KOSPI,72160000000
105740,디케이락,KOSDAQ,72094757170
011320,유니크,KOSDAQ,71969588875
011150,CJ씨푸드,KOSPI,71861546000
002795,아모레퍼시픽홀딩스우,KOSPI,71851996720
234920,자이글,KOSDAQ,71849132100
085670,뉴프렉스,KOSDAQ,71787229730
092040,아미코젠,KOSDAQ,71715217805
198440,강동씨앤엘,KOSDAQ,71594977800
084730,팅크웨어,KOSDAQ,71433596320
478560,블랙야크아이앤씨,KOSDAQ,71420773970
079980,휴비스,KOSPI,71415000000
185490,아이진,KOSDAQ,71372373384
110790,크리스에프앤씨,KOSDAQ,71347273200
357580,아모센스,KOSDAQ,71328060100
382840,원준,KOSDAQ,71318283270
382480,지아이텍,KOSDAQ,71315137680
079810,APS이노베이션,KOSDAQ,71257991140
212710,아이에스티이,KOSDAQ,71113638960
234030,싸이닉솔루션,KOSDAQ,71051050000
251120,바이오에프디엔씨,KOSDAQ,70782998000
338100,NH프라임리츠,KOSPI,70721400000
006140,피제이전자,KOSDAQ,70683075000
002700,신일전자,KOSPI,70672494151
094860,네오리진,KOSDAQ,70583208606
002720,국제약품,KOSPI,70568039720
084670,동양고속,KOSPI,70507105150
360070,탑머티리얼,KOSDAQ,70369649370
208370,셀바스헬스케어,KOSDAQ,70271739720
451220,아이엠티,KOSDAQ,70162784010
225530,HC보광산업,KOSDAQ,70133743110
388870,파로스아이바이오,KOSDAQ,69908032800
045660,에이텍,KOSDAQ,69879600000
432470,케이엔에스,KOSDAQ,69733870200
365330,에스와이스틸텍,KOSDAQ,69687519000
095720,웅진씽크빅,KOSPI,69613179125
153710,옵티팜,KOSDAQ,69608950710
041930,SY동아,KOSDAQ,69540000000
196490,디에이테크놀로지,KOSDAQ,69131518050
001020,페이퍼코리아,KOSPI,69057524280
201490,미투온,KOSDAQ,69047061860
460940,피앤에스로보틱스,KOSDAQ,69025586400
124560,태웅로직스,KOSDAQ,68884322769
091120,이엠텍,KOSDAQ,68874402720
120115,코오롱인더우,KOSPI,68781321000
039010,현대에이치티,KOSDAQ,68655000000
024740,한일단조,KOSDAQ,68590347165
137950,제이씨케미칼,KOSDAQ,68584867120
464490,쿼드메디슨,KOSDAQ,68203751220
032850,비트컴퓨터,KOSDAQ,68155501300
222110,팬젠,KOSDAQ,67842835180
128660,피제이메탈,KOSDAQ,67713197370
031820,아이티센씨티에스,KOSPI,67667766140
033130,디지틀조선,KOSDAQ,67661131741
009770,삼정펄프,KOSPI,67499217000
082210,옵트론텍,KOSDAQ,67269446920
045970,코아시아,KOSDAQ,67102933800
085310,엔케이,KOSPI,66911027480
417970,모델솔루션,KOSDAQ,66845515000
396270,넥스트칩,KOSDAQ,66761484930
456070,이엔셀,KOSDAQ,66728577850
109860,동일금속,KOSDAQ,66612000000
026150,특수건설,KOSDAQ,66500594490
018500,동원모빌리티,KOSPI,66392004860
002800,신신제약,KOSDAQ,66295085000
100220,비상교육,KOSPI,66283379100
214680,디알텍,KOSDAQ,66280782464
088390,이녹스,KOSDAQ,66264058640
048430,유라테크,KOSDAQ,66124800000
016090,대현,KOSPI,66113488830
010040,한국내화,KOSPI,65871567448
347000,센코,KOSDAQ,65753061194
006890,태경케미컬,KOSPI,65656000000
321370,센서뷰,KOSDAQ,65562765714
089230,THE E&M,KOSDAQ,65546829924
001560,제일연마,KOSPI,65512000000
134580,탑코미디어,KOSDAQ,65462629872
066310,큐에스아이,KOSDAQ,65457644260
049550,잉크테크,KOSDAQ,65386933795
059270,해성에어로보틱스,KOSDAQ,65316999150
032540,TJ미디어,KOSDAQ,65304415625
036000,예림당,KOSDAQ,65302175295
142280,녹십자엠에스,KOSDAQ,65299259475
140070,서플러스글로벌,KOSDAQ,65283820000
058730,다스코,KOSPI,64905259455
012790,신일제약,KOSDAQ,64846505150
396690,미래에셋글로벌리츠,KOSPI,64557682200
004780,대륙제관,KOSDAQ,64487471945
238090,앤디포스,KOSDAQ,64487280600
33626K,두산퓨얼셀1우,KOSPI,64348623000
081150,티플랙스,KOSDAQ,64311265300
039420,케이엘넷,KOSDAQ,64251583200
005670,푸드웰,KOSDAQ,64100000000
214270,FSN,KOSDAQ,63944728605
065170,비엘팜텍,KOSDAQ,63922585970
010240,흥국,KOSDAQ,63914760000
096350,대창솔루션,KOSDAQ,63869302546
072950,빛샘전자,KOSDAQ,63776671200
014970,삼륭물산,KOSDAQ,63747500000
089850,유비벨록스,KOSDAQ,63708110675
055490,테이팩스,KOSPI,63662445000
041460,한국전자인증,KOSDAQ,63650000000
010280,아이티센엔텍,KOSDAQ,63625937945
303360,프로티아,KOSDAQ,63561393525
0015S0,페스카로,KOSDAQ,63541741200
217190,제너셈,KOSDAQ,63532665630
009200,무림페이퍼,KOSPI,63412588440
443250,레뷰코퍼레이션,KOSDAQ,63345527620
221800,지구홀딩스,KOSDAQ,63235547625
204840,지엘팜텍,KOSDAQ,63124890884
072130,유엔젤,KOSPI,62842497300
347860,알체라,KOSDAQ,62808934030
043650,국순당,KOSDAQ,62682647040
007820,엠엑스로보틱스,KOSDAQ,62606081250
001840,이화공영,KOSDAQ,62588831935
002630,오리엔트바이오,KOSPI,62552534610
331740,아우토크립트,KOSDAQ,62503852310
123420,위메이드플레이,KOSDAQ,62302235590
294090,이오플로우,KOSDAQ,62295566450
100030,인지소프트,KOSDAQ,62292054580
076610,해성옵틱스,KOSDAQ,62197989000
216050,인크로스,KOSDAQ,62090985980
277880,티에스아이,KOSDAQ,61910821440
424960,스마트레이더시스템,KOSDAQ,61901588050
068290,삼성출판사,KOSPI,61900000000
095270,웨이브일렉트로,KOSDAQ,61873207830
058400,KNN,KOSDAQ,61844679240
010660,화천기계,KOSPI,61820000000
318160,셀바이오휴먼텍,KOSDAQ,61627585800
417790,트루엔,KOSDAQ,61554139080
005870,휴니드,KOSPI,61545825400
071090,하이스틸,KOSPI,61382071840
261780,아리바이오랩,KOSDAQ,61350469470
0004V0,엔비알모션,KOSDAQ,61327838880
147760,피엠티,KOSDAQ,61300000000
290660,다이나믹솔루션,KOSDAQ,61086828288
241690,유니테크노,KOSDAQ,61054411470
126880,제이엔케이글로벌,KOSDAQ,61028894890
333620,엔시스,KOSDAQ,60928421400
411080,샌즈랩,KOSDAQ,60841537430
175140,아고스,KOSDAQ,60739256055
004440,삼일씨엔에스,KOSPI,60731387190
215360,우리산업,KOSDAQ,60454919060
043710,코스리거글로벌,KOSDAQ,60160944450
048910,대원미디어,KOSDAQ,60064467150
111110,호전실업,KOSPI,59926260000
067920,이글루,KOSDAQ,59818887360
065530,와이어블,KOSDAQ,59798448750
002760,보락,KOSPI,59780200000
0007J0,인벤테라,KOSDAQ,59779426400
007460,에이프로젠,KOSPI,59695180490
016250,SGC E&C,KOSDAQ,59537174520
168330,내츄럴엔도텍,KOSDAQ,59508682600
049480,오픈베이스,KOSDAQ,59419726253
420570,제이투케이바이오,KOSDAQ,59351952450
348150,고바이오랩,KOSDAQ,59227611450
027050,코리아나,KOSDAQ,59040000000
004770,써니전자,KOSPI,58942347080
460870,에스엠씨지,KOSDAQ,58814780720
094850,참좋은여행,KOSDAQ,58800000000
136150,원일티엔아이,KOSDAQ,58751020300
448710,코츠테크놀로지,KOSDAQ,58719594120
419080,엔젯,KOSDAQ,58707811800
040160,누리플렉스,KOSDAQ,58650177775
251630,브이원텍,KOSDAQ,58590106050
137080,나래나노텍,KOSDAQ,58583421030
008370,원풍,KOSDAQ,58500000000
100590,머큐리,KOSDAQ,58274453000
054300,팬스타엔터프라이즈,KOSDAQ,58218170670
453860,에이에스텍,KOSDAQ,58193139690
000220,유유제약,KOSPI,58186872090
117670,알파칩스,KOSDAQ,58157007660
099520,DGI,KOSDAQ,58141862016
014470,부방,KOSDAQ,58130587680
291650,압타머사이언스,KOSDAQ,57987279900
003925,남양유업우,KOSPI,57869159400
111710,남화산업,KOSDAQ,57852280000
155650,와이엠씨,KOSDAQ,57682048320
122350,삼기,KOSDAQ,57509142000
263600,덕우전자,KOSDAQ,57349116000
439580,블루엠텍,KOSDAQ,57302204071
070300,퀀텀레일,KOSDAQ,57301387877
263690,디알젬,KOSDAQ,57194330500
061040,알에프텍,KOSDAQ,57184769360
412350,레이저쎌,KOSDAQ,57097898130
003310,대주산업,KOSDAQ,57087860550
129260,인터지스,KOSPI,57026674458
075180,새론오토모티브,KOSPI,56928000000
010470,오리콤,KOSDAQ,56821612250
179530,애드바이오텍,KOSDAQ,56730379395
007110,일신석재,KOSPI,56698238520
246960,SCL사이언스,KOSDAQ,56468298020
053620,태양,KOSDAQ,56416000000
025550,한국선재,KOSDAQ,56385948840
203400,에이비온,KOSDAQ,56313315000
459100,위츠,KOSDAQ,56288298000
323350,다원넥스뷰,KOSDAQ,56155511720
067170,오텍,KOSDAQ,56155254190
084650,랩지노믹스,KOSDAQ,56125432440
039020,이건홀딩스,KOSDAQ,56010078320
033320,제이씨현시스템,KOSDAQ,56005285760
045340,토탈소프트,KOSDAQ,55969581600
104540,코렌텍,KOSDAQ,55908899700
050960,수산아이앤티,KOSDAQ,55763260000
408470,한패스,KOSDAQ,55608720000
056360,코위버,KOSDAQ,55547856000
340930,성원에너텍,KOSDAQ,55513882710
020760,일진디스플,KOSPI,55503470462
007370,진양제약,KOSDAQ,55478253975
004450,삼화왕관,KOSPI,55475259250
090080,평화산업,KOSPI,55451281590
060310,3S,KOSDAQ,55446696800
088910,동우팜투테이블,KOSDAQ,55173183780
011300,우성머티리얼스,KOSPI,55156719440
007280,한국특강,KOSPI,55144589500
950200,소마젠,KOSDAQ,55015111580
024900,디와이덕양,KOSPI,54937121260
053160,프리엠스,KOSDAQ,54900000000
036120,서울평가정보,KOSDAQ,54826200000
217480,에스디생명공학,KOSDAQ,54756837359
347740,피엔케이피부임상연구센타,KOSDAQ,54709280048
001465,BYC우,KOSPI,54600097500
010770,평화홀딩스,KOSPI,54552988180
391710,코닉오토메이션,KOSDAQ,54468960660
039610,화성밸브,KOSDAQ,54446392000
037440,희림,KOSDAQ,54436877250
092440,기신정기,KOSPI,54428800000
205470,휴마시스,KOSDAQ,54408377205
370090,퓨런티어,KOSDAQ,54335870500
170790,파이오링크,KOSDAQ,54249400800
299170,더블유에스아이,KOSDAQ,54213742128
042110,에스씨디,KOSDAQ,54177441244
003465,유화증권우,KOSPI,54002153250
005305,롯데칠성우,KOSPI,53961576000
060570,드림어스컴퍼니,KOSDAQ,53945945144
036090,위지트,KOSDAQ,53911501238
123700,SJM,KOSPI,53758873610
003475,유안타증권우,KOSPI,53679640300
214330,금호에이치티,KOSPI,53644045770
187420,HLB제넥스,KOSDAQ,53635647921
000725,현대건설우,KOSPI,53578404400
273640,와이엠텍,KOSDAQ,53568910000
036670,삼양케이씨아이,KOSDAQ,53531995000
452400,이닉스,KOSDAQ,53430710920
053270,구영테크,KOSDAQ,53368058535
040610,SG&G,KOSDAQ,53346461740
136410,아셈스,KOSDAQ,53332473040
011330,유니켐,KOSPI,53301007530
191420,테고사이언스,KOSDAQ,53275039380
101140,인바이오젠,KOSPI,53234344800
192250,케이사인,KOSDAQ,53215451250
027830,대성창투,KOSDAQ,53190000000
219550,디와이디,KOSDAQ,53175727000
002410,범양건영,KOSPI,53173451700
288180,케이피항공산업,KOSDAQ,53157553780
476040,오가노이드사이언스,KOSDAQ,53147083200
006880,신송홀딩스,KOSPI,53052428130
314140,알피바이오,KOSDAQ,52951465710
435570,에르코스,KOSDAQ,52785692190
046940,우원개발,KOSDAQ,52777102000
033310,엠투엔,KOSDAQ,52763641920
950220,네오이뮨텍,KOSDAQ,52480962560
457370,한켐,KOSDAQ,52355699660
008830,대동기어,KOSDAQ,52307366400
317830,에스피시스템스,KOSDAQ,52253017300
066670,디티씨,KOSDAQ,52243910810
091590,남화토건,KOSDAQ,52243000000
012690,모나리자,KOSPI,52187180885
226340,본느,KOSDAQ,52021000800
054930,유신,KOSDAQ,51990000000
378850,화승알앤에이,KOSPI,51947558905
025530,SJM홀딩스,KOSPI,51895677800
000950,전방,KOSPI,51828000000
064800,포니링크,KOSDAQ,51761954475
094970,제이엠티,KOSDAQ,51752061600
002140,고려산업,KOSPI,51749306875
004830,덕성,KOSPI,51587200000
294140,레몬,KOSDAQ,51573673260
096610,알에프세미,KOSDAQ,51550708615
104620,노랑풍선,KOSDAQ,51524341880
094940,푸른로보틱스,KOSDAQ,51422523900
317530,에피소드컴퍼니,KOSDAQ,51347478670
004060,SG세계물산,KOSPI,51314727360
053050,지에스이,KOSDAQ,51308778467
340360,다보링크,KOSDAQ,51229767648
071670,에이테크솔루션,KOSDAQ,51200000000
053450,세코닉스,KOSDAQ,51109134365
217500,러셀,KOSDAQ,51058260000
014950,삼익제약,KOSDAQ,51042671160
001550,조비,KOSPI,51039709370
011230,삼화전자,KOSPI,50980988100
006980,우성,KOSPI,50799600000
039240,경남스틸,KOSDAQ,50586757500
037950,엘컴텍,KOSDAQ,50584061485
023810,인팩,KOSPI,50500000000
393970,대진첨단소재,KOSDAQ,50428566500
064240,홈캐스트,KOSDAQ,50376052452
024910,경창산업,KOSDAQ,50361521030
009320,아진전자부품,KOSPI,50187165860
372910,한컴라이프케어,KOSPI,50173698078
122310,제노레이,KOSDAQ,50137992580
063440,SM Life Design,KOSDAQ,50123216584
046210,HLB파나진,KOSDAQ,50080756000
006370,대구백화점,KOSPI,49887626710
198080,캐프,KOSDAQ,49853953275
463480,모티브링크,KOSDAQ,49809239160
37550K,DL이앤씨우,KOSPI,49781991750
033230,인성정보,KOSDAQ,49757649300
302430,이노메트리,KOSDAQ,49559368320
260930,씨티케이,KOSDAQ,49514472960
131400,이브이첨단소재,KOSDAQ,49461262060
057540,옴니시스템,KOSDAQ,49356636708
256630,포인트엔지니어링,KOSDAQ,49355506570
299660,셀리드,KOSDAQ,49299474567
003780,진양산업,KOSPI,49270000000
072990,에이치시티,KOSDAQ,49148918340
081180,쎄크,KOSDAQ,49069974600
109080,옵티시스,KOSDAQ,49033200000
092300,현우산업,KOSDAQ,48964186530
0013V0,삼진식품,KOSDAQ,48849380800
015710,코콤,KOSDAQ,48822442500
348080,큐라티스,KOSDAQ,48809600165
004920,씨아이테크,KOSPI,48683820576
011000,진원생명과학,KOSPI,48531471270
042040,케이피엠테크,KOSDAQ,48470839690
384470,코어라인소프트,KOSDAQ,48456068400
311690,CJ 바이오사이언스,KOSDAQ,48407536710
021050,서원,KOSPI,48376607210
317850,대모,KOSDAQ,48364880200
145170,노브랜드,KOSDAQ,48273496275
002920,유성기업,KOSPI,48184507500
241790,티이엠씨씨엔에스,KOSDAQ,48162682710
082660,코스나인,KOSDAQ,47827617120
315640,딥노이드,KOSDAQ,47729877000
038010,제일테크노스,KOSDAQ,47700000000
006125,SK디스커버리우,KOSPI,47666983500
418250,시큐레터,KOSDAQ,47629012750
228340,동양파일,KOSDAQ,47600000000
0010V0,제이피아이헬스케어,KOSDAQ,47582328000
051390,YW,KOSDAQ,47578991920
019990,에너토크,KOSDAQ,47512148560
004910,조광페인트,KOSPI,47488000000
35320K,대덕전자1우,KOSPI,47463505350
053980,오상자이엘,KOSDAQ,47362043585
048770,TPC로보틱스,KOSDAQ,47250952910
041650,상신브레이크,KOSPI,47022475500
023440,제이스코홀딩스,KOSDAQ,46964378481
072470,우리산업홀딩스,KOSDAQ,46935042385
024950,삼천리자전거,KOSDAQ,46934000000
28513K,SK케미칼우,KOSPI,46750980900
471820,셀로맥스사이언스,KOSDAQ,46737404665
460470,아이빔테크놀로지,KOSDAQ,46718853300
060560,HC홈센타,KOSDAQ,46713921840
001620,케이비아이동국실업,KOSPI,46631779570
097800,윈팩,KOSDAQ,46611396860
273060,와이즈버즈,KOSDAQ,46588777440
261200,덴티스,KOSDAQ,46401469500
069460,대호에이엘,KOSPI,46322277400
440290,HB인베스트먼트,KOSDAQ,46293321690
101670,하이드로리튬,KOSDAQ,46273407405
457600,벡트,KOSDAQ,46194275000
376290,씨유테크,KOSDAQ,46174362500
222420,쎄노텍,KOSDAQ,46142852419
224110,에이텍모빌리티,KOSDAQ,46079101020
413640,비아이매트릭스,KOSDAQ,46052346600
286750,나노실리칸첨단소재,KOSDAQ,45641121225
003080,SB성보,KOSPI,45545500000
143540,영우디에스피,KOSDAQ,45447293005
099220,SDN,KOSDAQ,45319932000
461030,아이엠비디엑스,KOSDAQ,45225401135
043340,에쎈테크,KOSDAQ,45220000000
321260,프로이천,KOSDAQ,45135526484
005030,부산주공,KOSPI,45092532168
007680,대원,KOSDAQ,45023422890
357250,미래에셋맵스리츠,KOSPI,45016184105
262260,에이프로,KOSDAQ,44931426800
127710,아시아경제,KOSDAQ,44930194200
082850,우리바이오,KOSDAQ,44822334650
074610,이엔플러스,KOSPI,44815400070
066130,하츠,KOSDAQ,44800000000
189980,흥국에프엔비,KOSDAQ,44713539278
382150,온코크로스,KOSDAQ,44683762450
052790,액토즈소프트,KOSDAQ,44572151760
000910,유니온,KOSPI,44571172245
065130,탑엔지니어링,KOSDAQ,44571140000
009835,한화솔루션우,KOSPI,44553537700
225190,LK삼양,KOSDAQ,44465585640
007815,코리아써우,KOSPI,44381409300
114450,그린생명과학,KOSDAQ,44300000000
340810,시선AI,KOSDAQ,44277947120
288330,파라택시스코리아,KOSDAQ,44129674368
373160,데이원컴퍼니,KOSDAQ,44114863455
088280,쏘닉스,KOSDAQ,43785419700
008420,문배철강,KOSPI,43774983175
004540,깨끗한나라,KOSPI,43534370117
038060,루멘스,KOSDAQ,43485174376
084870,TBH글로벌,KOSPI,43473794000
196450,코아시아씨엠,KOSDAQ,43461880000
352910,오비고,KOSDAQ,43347660860
481850,신한글로벌액티브리츠,KOSPI,43260275680
163280,에어레인,KOSDAQ,43257788040
466410,사이냅소프트,KOSDAQ,43167287110
073110,엘엠에스,KOSDAQ,43055454200
480370,씨케이솔루션,KOSPI,42972902784
014190,원익큐브,KOSDAQ,42898826052
190650,코리아에셋투자증권,KOSDAQ,42863480000
153460,네이블,KOSDAQ,42836891840
129890,앱코,KOSDAQ,42812865880
023350,한국종합기술,KOSPI,42759750000
159580,제로투세븐,KOSDAQ,42669514680
261520,이지스,KOSDAQ,42601481000
004410,서울식품,KOSPI,42571959027
150900,파수AI,KOSDAQ,42543756470
011390,부산산업,KOSPI,42504000000
025880,케이씨피드,KOSDAQ,42374700030
238120,얼라인드,KOSDAQ,42157182410
092780,DYP,KOSPI,42073229700
317690,퀀타매트릭스,KOSDAQ,41981535465
065500,오리엔트정공,KOSDAQ,41890692864
227950,엔투텍,KOSDAQ,41823949308
373200,엑스플러스,KOSDAQ,41722032842
270870,뉴트리,KOSDAQ,41691111210
068330,일신바이오,KOSDAQ,41651603880
065440,이루온,KOSDAQ,41648955540
263020,디케이앤디,KOSDAQ,41646799460
060850,영림원소프트랩,KOSDAQ,41630720000
459550,알트,KOSDAQ,41563814128
099410,동방선기,KOSDAQ,41510000000
037230,한국팩키지,KOSDAQ,41422454530
263810,상신전자,KOSDAQ,41404545000
019490,엑시큐어하이트론,KOSPI,41349858070
277070,린드먼아시아,KOSDAQ,41281380000
189690,포시에스,KOSDAQ,41228851221
086060,진바이오텍,KOSDAQ,41158605860
033540,파라텍,KOSDAQ,41117862497
042940,상지건설,KOSDAQ,41108846240
056700,신화인터텍,KOSDAQ,41080478310
140520,대창스틸,KOSDAQ,40973040663
355690,에이텀,KOSDAQ,40932553753
105760,포스뱅크,KOSDAQ,40814502435
189860,서전기전,KOSDAQ,40734876000
479960,위너스일렉,KOSDAQ,40689460000
038070,서린바이오,KOSDAQ,40643954120
052220,iMBC,KOSDAQ,40480000000
178780,일월지엠엘,KOSDAQ,40447053150
017040,광명전기,KOSPI,40390657180
290670,대보마그네틱,KOSDAQ,40309795800
104200,NHN벅스,KOSDAQ,40256798250
066900,디에이피,KOSDAQ,40212281304
050120,ES큐브,KOSDAQ,40149694560
171010,램테크놀러지,KOSDAQ,40036505600
219420,링크제니시스,KOSDAQ,39856536825
299900,위지윅스튜디오,KOSDAQ,39854389972
218150,미래생명자원,KOSDAQ,39810813900
332290,누보,KOSDAQ,39744786384
122690,서진오토모티브,KOSDAQ,39719244686
196300,HLB펩,KOSDAQ,39709219165
064090,인크레더블버즈,KOSDAQ,39694710510
049830,승일,KOSDAQ,39674764640
361570,알비더블유,KOSDAQ,39665741580
011420,갤럭시아에스엠,KOSPI,39643937716
246690,TS인베스트먼트,KOSDAQ,39614437884
012280,영화금속,KOSPI,39471030485
234100,폴라리스세원,KOSDAQ,39424417200
089790,제이티,KOSDAQ,39405259660
900300,오가닉티코스메틱,KOSDAQ,39122764397
026940,부국철강,KOSPI,39120000000
145270,케이탑리츠,KOSPI,39073409262
002290,삼일기업공사,KOSDAQ,39060000000
019770,서연탑메탈,KOSDAQ,38969250000
017180,명문제약,KOSPI,38910658284
051490,나라엠앤디,KOSDAQ,38908000000
215380,콜마바이오텍,KOSDAQ,38792172680
044960,이글벳,KOSDAQ,38747371395
001210,금호전기,KOSPI,38736930080
307280,원바이오젠,KOSDAQ,38665717150
134790,시디즈,KOSPI,38640000000
083550,케이엠,KOSDAQ,38635070250
179900,유티아이,KOSDAQ,38611093812
008870,금비,KOSPI,38600000000
229000,젠큐릭스,KOSDAQ,38539331425
256150,한독크린텍,KOSDAQ,38281200000
097870,효성오앤비,KOSDAQ,38247450000
000215,DL우,KOSPI,38106199000
046310,백금T&A,KOSDAQ,38009153915
317870,엔바이오니아,KOSDAQ,37931729550
003680,한성기업,KOSPI,37878041500
260660,알리코제약,KOSDAQ,37857741870
900250,크리스탈신소재,KOSDAQ,37856456057
081580,성우전자,KOSDAQ,37839868920
424980,마이크로투나노,KOSDAQ,37821707100
177900,쓰리에이로직스,KOSDAQ,37788330000
014570,고려제약,KOSDAQ,37785000000
027740,마니커,KOSPI,37662158204
000890,보해양조,KOSPI,37623922050
221980,케이디켐,KOSDAQ,37604336000
014910,성문전자,KOSPI,37572624783
263770,유에스티,KOSDAQ,37541072448
250000,보라티알,KOSDAQ,37534075480
049470,비트플래닛,KOSDAQ,37530569006
123570,이엠넷,KOSDAQ,37423811040
090410,덕신이피씨,KOSDAQ,37374201045
009460,한창제지,KOSPI,37351845610
446070,유니드비티플러스,KOSPI,37351476800
023960,에쓰씨엔지니어링,KOSPI,37161147575
047400,유니온머티리얼,KOSPI,37128000000
050860,아세아텍,KOSDAQ,37102500000
032960,동일기연,KOSDAQ,37033212375
059100,아이컴포넌트,KOSDAQ,36909889200
363250,진시스템,KOSDAQ,36883835970
321820,아티스트컴퍼니,KOSDAQ,36873604240
215790,이노인스트루먼트,KOSDAQ,36859081335
290120,DH오토리드,KOSDAQ,36793536525
369370,블리츠웨이엔터테인먼트,KOSDAQ,36755597670
258610,케일럼,KOSDAQ,36521548063
012160,영흥,KOSPI,36474341505
352700,씨앤투스,KOSDAQ,36472335812
393210,토마토시스템,KOSDAQ,36459960240
100660,서암기계공업,KOSDAQ,36414000000
000760,이화산업,KOSPI,36400000000
057030,YBM넷,KOSDAQ,36295750825
043910,자연과환경,KOSDAQ,36285264000
184230,SGA솔루션즈,KOSDAQ,36227143722
052600,한네트,KOSDAQ,36194381000
123010,알엔티엑스,KOSDAQ,36102649025
446840,지슨,KOSDAQ,36024334320
284620,카이노스메드,KOSDAQ,35965517911
221840,하이즈항공,KOSDAQ,35961178803
045060,오공,KOSDAQ,35916984880
408900,스튜디오미르,KOSDAQ,35864457255
101240,씨큐브,KOSDAQ,35831499060
086040,바이오톡스텍,KOSDAQ,35826264515
199550,레이저옵텍,KOSDAQ,35778356310
263700,케어랩스,KOSDAQ,35741542200
226330,신테카바이오,KOSDAQ,35732733675
068940,셀피글로벌,KOSDAQ,35720093048
208710,포톤,KOSDAQ,35652257060
278650,HLB바이오스텝,KOSDAQ,35649249820
002880,디와이에이,KOSPI,35641784190
133820,화인베스틸,KOSPI,35629921920
220180,폴라리스AI핸디,KOSDAQ,35465507844
007530,와이엠,KOSDAQ,35406481521
263050,유틸렉스,KOSDAQ,35324626904
046390,삼화네트웍스,KOSDAQ,35315458785
049800,우진플라임,KOSPI,35260000000
204020,그리티,KOSDAQ,35128202592
037330,인지디스플레,KOSDAQ,35020408752
148930,에이치와이티씨,KOSDAQ,35002732720
173940,에프엔씨엔터,KOSDAQ,34941674160
127980,화인써키트,KOSDAQ,34930017800
006920,모헨즈,KOSDAQ,34834800000
263920,휴엠앤씨,KOSDAQ,34822042300
452200,민테크,KOSDAQ,34820236800
013000,세우글로벌,KOSPI,34819202603
186230,그린플러스,KOSDAQ,34780798780
239890,피엔에이치테크,KOSDAQ,34725463725
080520,오디텍,KOSDAQ,34646596020
009140,경인전자,KOSPI,34636073850
305090,마이크로디지탈,KOSDAQ,34634782860
024120,KB오토시스,KOSDAQ,34557500000
360350,코셈,KOSDAQ,34531109500
450330,하스,KOSDAQ,34507543245
075130,플랜티넷,KOSDAQ,34259930000
026910,광진실업,KOSDAQ,34131443430
419120,산돌,KOSDAQ,34064298155
022220,티케이지애강,KOSDAQ,34029038403
071850,캐스텍코리아,KOSDAQ,33965313200
002870,신풍,KOSPI,33944897700
089140,넥스턴앤롤코리아,KOSDAQ,33925458310
317240,TS트릴리온,KOSDAQ,33844984760
432430,와이랩,KOSDAQ,33842056000
004365,세방우,KOSPI,33793530000
203450,유니온바이오메트릭스,KOSDAQ,33789616800
208860,다산디엠씨,KOSDAQ,33780223135
143210,핸즈코퍼레이션,KOSPI,33571739817
035460,기산텔레콤,KOSDAQ,33570765000
031510,오스템,KOSDAQ,33460000000
469750,아이비젼웍스,KOSDAQ,33388330089
200780,비씨월드제약,KOSDAQ,33223534015
417860,오브젠,KOSDAQ,33042480120
364950,에이아이코리아,KOSDAQ,33019851100
355390,크라우드웍스,KOSDAQ,33018635520
021650,한국큐빅,KOSDAQ,32946384445
365590,하이딥,KOSDAQ,32912207700
159910,에코글로우,KOSDAQ,32866684580
064520,테크엘,KOSDAQ,32811359016
064480,브리지텍,KOSDAQ,32749850000
025440,DH오토웨어,KOSDAQ,32683417400
148780,비큐AI,KOSDAQ,32640662550
475460,미트박스,KOSDAQ,32636914500
078590,휴림에이텍,KOSDAQ,32623289035
215090,솔디펜스,KOSDAQ,32580015027
002420,세기상사,KOSPI,32416817640
001070,대한방직,KOSPI,32330000000
318410,비비씨,KOSDAQ,32275961830
087600,픽셀플러스,KOSDAQ,32217071310
066360,체리부로,KOSDAQ,32127850050
020180,대신정보통신,KOSDAQ,32126572940
005820,원림,KOSPI,32056681500
376930,노을,KOSDAQ,31954494229
045510,정원엔시스,KOSDAQ,31920676398
207760,미스터블루,KOSDAQ,31902636672
128540,에코캡,KOSDAQ,31815028320
133750,메가엠디,KOSDAQ,31786810566
388610,지에프씨생명과학,KOSDAQ,31686028850
016600,큐캐피탈,KOSDAQ,31623026265
069640,한세엠케이,KOSPI,31603389374
007120,미래아이앤지,KOSPI,31585519784
206400,베노티앤알,KOSDAQ,31546042878
465480,인스피언,KOSDAQ,31528470920
027040,서울전자통신,KOSDAQ,31523746785
089150,케이씨티,KOSDAQ,31504550000
096630,에스코넥,KOSDAQ,31450995863
458350,에스팀,KOSDAQ,31259520000
036420,콘텐트리중앙,KOSPI,31243463576
053950,경남제약,KOSDAQ,31234481208
258830,세종메디칼,KOSDAQ,31223976612
318020,포인트모바일,KOSDAQ,31183724520
039290,인포뱅크,KOSDAQ,31167911130
118000,메타케어,KOSPI,31098656850
105550,엣지파운드리,KOSDAQ,31087899247
072770,멤레이비티,KOSDAQ,31051049304
308170,씨티알모빌리티,KOSPI,30996000000
068050,팬엔터테인먼트,KOSDAQ,30989671044
237820,플레이디,KOSDAQ,30977543100
290090,트윔,KOSDAQ,30952762880
010400,우진아이엔에스,KOSPI,30945320000
464580,닷밀,KOSDAQ,30903823431
452160,제이엔비,KOSDAQ,30824174035
009810,플레이그램,KOSPI,30758972706
123840,뉴온,KOSDAQ,30717273750
079000,와토스코리아,KOSDAQ,30636000000
001380,SG글로벌,KOSPI,30530652418
452300,캡스톤파트너스,KOSDAQ,30464435750
003060,에이프로젠바이오로직스,KOSPI,30410109140
348030,모비릭스,KOSDAQ,30396027000
012620,원일특강,KOSDAQ,30360000000
262840,아이퀘스트,KOSDAQ,30274317480
006570,대림통상,KOSPI,30252075000
246250,에스엘에스바이오,KOSDAQ,30220617614
002690,동일제강,KOSPI,30146034600
091970,LSK아이로봇,KOSDAQ,30139120000
109820,진매트릭스,KOSDAQ,30121406280
088340,유라클,KOSDAQ,30114139200
005360,모나미,KOSPI,30103410051
033830,티비씨,KOSDAQ,30043429570
069410,엔텔스,KOSDAQ,30017334320
023150,MH에탄올,KOSPI,29993708190
033340,좋은사람들,KOSDAQ,29957722422
060540,에스에이티,KOSDAQ,29896076496
376980,원티드랩,KOSDAQ,29836333670
025750,한솔홈데코,KOSPI,29809103650
311390,네오크레마,KOSDAQ,29799673095
090370,메타랩스,KOSPI,29570978187
075970,동국알앤에스,KOSDAQ,29568800000
131090,시큐브,KOSDAQ,29560733060
119500,포메탈,KOSDAQ,29499607680
335810,프리시젼바이오,KOSDAQ,29434287546
014130,한익스프레스,KOSPI,29426528670
053290,NE능률,KOSDAQ,29416826460
103840,우양,KOSDAQ,29394104688
476080,M83,KOSDAQ,29359895000
038950,파인디지털,KOSDAQ,29304895550
106240,파인테크닉스,KOSDAQ,29262852736
239610,에이치엘사이언스,KOSDAQ,29225263300
271830,팸텍,KOSDAQ,29165809778
033170,시그네틱스,KOSDAQ,29147628460
079170,한창산업,KOSDAQ,29120000000
310870,디와이씨,KOSDAQ,29091292854
008250,이건산업,KOSPI,29024482750
444530,심플랫폼,KOSDAQ,29007354860
288620,에스프리즘,KOSDAQ,28999057980
351330,이삭엔지니어링,KOSDAQ,28885492200
160550,NEW,KOSDAQ,28827007498
088790,진도,KOSPI,28816527360
024070,WISCOM,KOSPI,28813703440
464280,티디에스팜,KOSDAQ,28811300000
462310,뉴키즈온,KOSDAQ,28790415225
031310,아이즈비전,KOSDAQ,28735264866
318010,팜스빌,KOSDAQ,28585263490
014990,인디에프,KOSPI,28407734709
187270,신화콘텍,KOSDAQ,28402766000
407400,꿈비,KOSDAQ,28376361426
044480,빌리언스,KOSDAQ,28263278600
065950,웰크론,KOSDAQ,28203070698
043220,티에스넥스젠,KOSDAQ,28191099330
026040,제이에스티나,KOSDAQ,28188473320
336060,웨이버스,KOSDAQ,28170792000
033050,제이엠아이,KOSDAQ,28145965952
434480,모니터랩,KOSDAQ,28005932500
356890,싸이버원,KOSDAQ,27971950500
254120,자비스,KOSDAQ,27924877160
032860,더라미,KOSDAQ,27873145470
050110,캠시스,KOSDAQ,27763581850
025890,한국주강,KOSPI,27638647680
010640,진양폴리,KOSPI,27638500000
351320,넥사다이내믹스,KOSDAQ,27590038418
206560,덱스터,KOSDAQ,27571733560
003535,한화투자증권우,KOSPI,27552000000
030720,동원수산,KOSPI,27550525600
005320,온타이드,KOSPI,27452839535
038530,케이바이오랩스,KOSDAQ,27443529320
387570,파인메딕스,KOSDAQ,27341874000
013720,청보,KOSDAQ,27251006720
177830,파버나인,KOSDAQ,27239013165
376180,피코그램,KOSDAQ,27229042746
232830,아이티센피엔에스,KOSDAQ,27214512996
099390,브레인즈컴퍼니,KOSDAQ,27210458145
276730,한울앤제주,KOSDAQ,27204729520
130500,GH신소재,KOSDAQ,27082886824
301300,바이브컴퍼니,KOSDAQ,27032933160
001810,무림SP,KOSDAQ,27029887500
095910,에스에너지,KOSDAQ,27002962116
197140,디지캡,KOSDAQ,27002294550
188260,세니젠,KOSDAQ,26968556920
068100,케이웨더,KOSDAQ,26956231360
016920,카스,KOSDAQ,26917434608
363260,모비데이즈,KOSDAQ,26888910884
002820,SUN&L,KOSPI,26840628900
083640,인콘,KOSDAQ,26815344624
073540,에프알텍,KOSDAQ,26733000000
406820,뷰티스킨,KOSDAQ,26731472887
017000,신원종합개발,KOSDAQ,26719781830
450520,인스웨이브,KOSDAQ,26718218226
032750,삼진,KOSDAQ,26641809900
007720,소노스퀘어,KOSDAQ,26611318800
038620,위즈코프,KOSDAQ,26581042215
114630,폴라리스우노,KOSDAQ,26576752416
475660,에스켐,KOSDAQ,26564947250
357430,마스턴프리미어리츠,KOSPI,26539617090
195500,마니커에프앤지,KOSDAQ,26539458000
238490,힘스,KOSDAQ,26527193420
290520,신도기연,KOSDAQ,26483964012
066910,손오공,KOSDAQ,26478758096
005110,한창,KOSPI,26467434378
900070,글로벌에스엠,KOSDAQ,26388288288
367000,플래티어,KOSDAQ,26380911015
138070,신진에스엠,KOSDAQ,26359825224
148250,알엔투테크놀로지,KOSDAQ,26350322944
006490,프리티,KOSPI,26323728470
004270,남성,KOSPI,26266337280
037370,EG,KOSDAQ,26263039740
038880,아이에이,KOSDAQ,26262908385
004870,티웨이홀딩스,KOSPI,26231296982
057680,티사이언티픽,KOSDAQ,26216228940
071950,코아스,KOSPI,26214520535
006345,대원전선우,KOSPI,26212000000
199480,뱅크웨어글로벌,KOSDAQ,26205231160
093380,풍강,KOSDAQ,26180179450
33637K,솔루스첨단소재1우,KOSPI,26107134704
198940,한주라이트메탈,KOSDAQ,26061875840
291230,엔피,KOSDAQ,25928315700
0010F0,보원케미칼,KOSDAQ,25908872325
289220,자이언트스텝,KOSDAQ,25904488581
900310,컬러레이,KOSDAQ,25872836700
054780,키이스트,KOSDAQ,25869655588
080530,코디,KOSDAQ,25852382140
239340,이스트에이드,KOSDAQ,25846489372
058110,멕아이씨에스,KOSDAQ,25809252240
397810,애드포러스,KOSDAQ,25726438450
051380,피씨디렉트,KOSDAQ,25725300744
297570,아틀라스링크,KOSDAQ,25654322538
016670,디모아,KOSDAQ,25638498510
038870,에코심플렉스,KOSDAQ,25563266976
039740,한국정보공학,KOSDAQ,25538594445
045300,성우테크론,KOSDAQ,25523769040
021880,메이슨캐피탈,KOSDAQ,25462128000
065150,대산F&B,KOSDAQ,25453369280
069140,누리플랜,KOSDAQ,25451525544
455180,케이지에이,KOSDAQ,25444065936
318000,KBG,KOSDAQ,25390347815
290270,휴네시온,KOSDAQ,25316215720
109960,앱토크롬,KOSDAQ,25301093576
002355,넥센타이어1우B,KOSPI,25252500000
048470,대동스틸,KOSDAQ,25234750000
054940,엑사이엔씨,KOSDAQ,25211896480
047080,한빛소프트,KOSDAQ,25070585620
187220,디티앤씨,KOSDAQ,25009104610
006740,블루산업개발,KOSPI,24974295900
430690,한싹,KOSDAQ,24950246160
288980,모아데이타,KOSDAQ,24921244615
121890,에스디시스템,KOSDAQ,24855004020
237750,피앤씨테크,KOSDAQ,24817012000
033250,체시스,KOSPI,24800000000
373170,엠아이큐브솔루션,KOSDAQ,24756388020
019175,신풍제약우,KOSPI,24750988900
123750,알톤,KOSDAQ,24750292869
398120,에스지헬스케어,KOSDAQ,24748757990
225220,제놀루션,KOSDAQ,24735937069
333050,이노테나,KOSDAQ,24720588400
131220,대한과학,KOSDAQ,24450727200
298060,풍전약품,KOSDAQ,24382740910
134060,이퓨쳐,KOSDAQ,24370867500
300120,라온피플,KOSDAQ,24306471856
032790,엠젠솔루션,KOSDAQ,24293380276
258790,소프트캠프,KOSDAQ,24266532880
462510,라메디텍,KOSDAQ,24252168575
093240,형지엘리트,KOSPI,24249152305
053060,세동,KOSDAQ,24225978868
464500,아이언디바이스,KOSDAQ,24208344990
462980,아이지넷,KOSDAQ,24160629025
044780,에이치케이,KOSDAQ,24150052035
146060,율촌,KOSDAQ,24135672975
257370,피엔티엠에스,KOSDAQ,24046847703
200350,아티스트스튜디오,KOSDAQ,24040440125
097780,에코볼트,KOSDAQ,24027017376
368600,아이씨에이치,KOSDAQ,23783372630
383930,디티앤씨알오,KOSDAQ,23701773312
013810,스페코,KOSDAQ,23697894990
035200,프럼파스트,KOSDAQ,23695351170
036480,대성미생물,KOSDAQ,23674000000
267790,배럴,KOSDAQ,23606178630
003495,대한항공우,KOSPI,23604372500
054090,삼진엘앤디,KOSDAQ,23586474240
070590,인티큐브,KOSDAQ,23525788095
091340,S&K폴리텍,KOSDAQ,23524479210
085810,알티캐스트,KOSDAQ,23523889792
032080,아즈텍WB,KOSDAQ,23468203668
236810,엔비티,KOSDAQ,23409112454
060380,동양에스텍,KOSDAQ,23364200000
019570,GMI벤처,KOSDAQ,23337534780
009310,참엔지니어링,KOSPI,23329484620
188040,바이오포트,KOSDAQ,23326350380
169330,엠브레인,KOSDAQ,23317436614
403490,우듬지팜,KOSDAQ,23195894320
033200,모아텍,KOSDAQ,23195413080
377030,비트맥스,KOSDAQ,23152557240
018680,서울제약,KOSDAQ,23108770258
368970,오에스피,KOSDAQ,23045140900
024890,대원화성,KOSPI,23017025700
115160,휴맥스,KOSDAQ,22916075560
328380,솔트웨어,KOSDAQ,22853270925
215480,토박스코리아,KOSDAQ,22768800000
340440,세림B&G,KOSDAQ,22759447928
405920,나라셀라,KOSDAQ,22755560292
109670,씨싸이트,KOSDAQ,22733564790
353190,휴럼,KOSDAQ,22721348340
063760,이엘피,KOSDAQ,22706691550
415380,스튜디오삼익,KOSDAQ,22691419425
065370,위세아이텍,KOSDAQ,22631819010
139670,키네마스터,KOSDAQ,22618333620
222980,한국맥널티,KOSDAQ,22614540150
432980,엠에프씨,KOSDAQ,22596281460
096690,에이루트,KOSDAQ,22568143620
210120,캔버스엔,KOSDAQ,22540854540
227610,아우딘퓨쳐스,KOSDAQ,22455127789
115480,씨유메디칼,KOSDAQ,22443210261
373110,엑셀세라퓨틱스,KOSDAQ,22413534624
049120,파인디앤씨,KOSDAQ,22369508930
067010,이씨에스,KOSDAQ,22321425000
019660,글로본,KOSDAQ,22310932800
465770,STX그린로지스,KOSPI,22304794200
219750,한국비티비,KOSDAQ,22271311654
014100,메디앙스,KOSDAQ,22160400000
440320,오픈놀,KOSDAQ,22155600000
039310,세중,KOSDAQ,22144677074
051630,진양화학,KOSPI,22048000000
052300,오션인더블유,KOSDAQ,22043281696
008775,호텔신라우,KOSPI,21879678900
098660,에스티오,KOSDAQ,21839205072
084440,유비온,KOSDAQ,21830092361
241840,에이스토리,KOSDAQ,21798886290
377330,이지트로닉스,KOSDAQ,21774376950
296640,이노에이엑스,KOSDAQ,21722767140
130740,티피씨글로벌,KOSDAQ,21685053717
277410,인산가,KOSDAQ,21625674500
352940,인바이오,KOSDAQ,21615914970
023770,플레이위드,KOSDAQ,21605785425
359090,씨엔알리서치,KOSDAQ,21574506411
200230,텔콘RF제약,KOSDAQ,21572161975
080720,한국유니온제약,KOSDAQ,21562456300
007770,한일화학,KOSDAQ,21551400000
154040,다산솔루에타,KOSDAQ,21550767158
353590,오토앤,KOSDAQ,21515077470
317120,라닉스,KOSDAQ,21470820000
101680,한국정밀기계,KOSDAQ,21430200000
043200,파루,KOSDAQ,21403809280
378800,샤페론,KOSDAQ,21364280322
347770,핌스,KOSDAQ,21325620186
080470,성창오토텍,KOSDAQ,21316000000
208350,지란지교시큐리티,KOSDAQ,21307129100
023790,동일스틸럭스,KOSDAQ,21277647424
017250,인터엠,KOSDAQ,21255921670
33626L,두산퓨얼셀2우B,KOSPI,21232593000
342870,오아,KOSDAQ,21228517315
032280,삼일,KOSDAQ,21158734950
131180,딜리,KOSDAQ,21014600000
429270,시지트로닉스,KOSDAQ,20960000750
067730,로지시스,KOSDAQ,20944041130
000040,KR모터스,KOSPI,20937343632
083660,CSA 코스믹,KOSDAQ,20901239100
090150,아이윈,KOSDAQ,20895771207
331520,밸로프,KOSDAQ,20876526180
153490,우리이앤엘하루틴,KOSDAQ,20849400000
101400,엔시트론,KOSDAQ,20794706548
274400,이노시뮬레이션,KOSDAQ,20717204040
056730,CNT85,KOSDAQ,20677020615
238200,비피도,KOSDAQ,20654500000
195990,루트K,KOSDAQ,20587872736
012340,뉴인텍,KOSDAQ,20523702283
088290,이원컴포텍,KOSDAQ,20458624680
083470,이엠앤아이,KOSDAQ,20422694853
193250,링크드,KOSDAQ,20414360691
424760,벨로크,KOSDAQ,20410367040
361670,삼영에스앤씨,KOSDAQ,20403568800
196700,웹스,KOSDAQ,20368356192
065060,지엔코,KOSDAQ,20277456610
076080,웰크론한텍,KOSDAQ,20244363776
021040,대호특수강,KOSDAQ,20207144594
027580,상보,KOSDAQ,20168978520
011090,에넥스,KOSPI,20145134746
054410,케이피티유,KOSDAQ,20128450660
252500,세화피앤씨,KOSDAQ,20079412760
372800,아이티아이즈,KOSDAQ,20020802705
900110,딥커머스,KOSDAQ,20004287135
043360,디지아이,KOSDAQ,19980000000
303530,이노뎁,KOSDAQ,19962893280
362990,드림인사이트,KOSDAQ,19925480764
015020,이스타코,KOSPI,19883142400
016100,리더스코스메틱,KOSDAQ,19864929760
067770,세진티에스,KOSDAQ,19857942445
073570,리튬포어스,KOSDAQ,19801404560
024940,PN풍년,KOSDAQ,19800000000
192390,윈하이텍,KOSDAQ,19780786597
032800,판타지오,KOSDAQ,19763973892
001685,대상우,KOSPI,19690104510
137940,넥스트아이,KOSDAQ,19673194335
900340,윙입푸드,KOSDAQ,19553565528
154030,아시아종묘,KOSDAQ,19528162673
078860,아이오케이이엔엠,KOSDAQ,19519914080
065690,파커스,KOSDAQ,19430224773
290560,파라택시스이더리움,KOSDAQ,19254310530
214610,롤링스톤,KOSDAQ,19197807380
065650,하이퍼코퍼레이션,KOSDAQ,19155477250
140430,카티스,KOSDAQ,19144907037
006200,한국전자홀딩스,KOSPI,19095679080
048830,엔피케이,KOSDAQ,19042229691
096870,엘디티,KOSDAQ,19033437720
058450,한주에이알티,KOSDAQ,19000679880
001420,태원물산,KOSPI,18962000000
054220,비츠로시스,KOSDAQ,18898514616
351870,차이커뮤니케이션,KOSDAQ,18872645622
275630,에스에스알,KOSDAQ,18756094560
115610,이미지스,KOSDAQ,18720930096
103230,에스앤더블류,KOSDAQ,18720000000
031860,디에이치엑스컴퍼니,KOSDAQ,18714758139
115530,씨엔플러스,KOSDAQ,18685982970
438700,버넥트,KOSDAQ,18645400970
108675,LX하우시스우,KOSPI,18633556500
223310,사토시홀딩스,KOSDAQ,18632618360
419540,비스토스,KOSDAQ,18559958095
018620,우진비앤지,KOSDAQ,18511061940
051780,큐로홀딩스,KOSDAQ,18499995800
335870,윙스풋,KOSDAQ,18258015570
032680,소프트센,KOSDAQ,18207184113
002360,SH에너지화학,KOSPI,18203704974
037400,우리엔터프라이즈,KOSDAQ,18172778778
417180,핑거스토리,KOSDAQ,18163341225
431190,케이쓰리아이,KOSDAQ,18154621850
045520,크린앤사이언스,KOSDAQ,17972500000
115570,스타플렉스,KOSDAQ,17965143000
279600,미디어젠,KOSDAQ,17872439515
00499K,롯데지주우,KOSPI,17803826300
050760,에스폴리텍,KOSDAQ,17723125630
008600,윌비스,KOSPI,17615839860
009440,KC그린홀딩스,KOSPI,17568790596
020400,대동금속,KOSDAQ,17508521340
405000,플라즈맵,KOSDAQ,17484112420
060900,에이전트AI,KOSDAQ,17480899740
322780,코퍼스코리아,KOSDAQ,17447069520
015260,에이엔피,KOSPI,17433250780
303030,지니틱스,KOSDAQ,17399204400
365900,브이씨,KOSDAQ,17398514000
224060,더코디,KOSDAQ,17340025920
069330,유아이디,KOSDAQ,17274672906
060260,뉴보텍,KOSDAQ,17265008664
110020,전진바이오팜,KOSDAQ,17211647800
073190,듀오백,KOSDAQ,17162169360
006050,국영지앤엠,KOSDAQ,17098669070
034940,조아제약,KOSDAQ,17038904850
482680,미래에셋비전스팩7호,KOSDAQ,16881825000
191410,육일씨엔에쓰,KOSDAQ,16873608030
309930,조이웍스앤코,KOSDAQ,16868158764
008470,부스타,KOSDAQ,16851624000
241820,피씨엘,KOSDAQ,16803871920
477380,미래에셋비전스팩4호,KOSDAQ,16686000000
065770,CS,KOSDAQ,16645346312
344860,이노진,KOSDAQ,16144260000
069920,엑시온그룹,KOSDAQ,16120669600
018700,졸스,KOSDAQ,16096555750
306040,에스제이그룹,KOSDAQ,15834653940
002025,코오롱우,KOSPI,15642690760
354200,엔젠바이오,KOSDAQ,15567527586
0072Z0,KB제33호스팩,KOSDAQ,15509795000
060230,제이케이시냅스,KOSDAQ,15460114554
477340,에이치엠씨제7호스팩,KOSDAQ,15357950000
043590,웰킵스하이텍,KOSDAQ,15345838911
0101C0,하나36호스팩,KOSDAQ,15317460000
0130H0,엔에이치스팩33호,KOSDAQ,15261400000
079950,인베니아,KOSDAQ,15220407300
030350,드래곤플라이,KOSDAQ,15171092867
131760,파인텍,KOSDAQ,15157621420
009730,이렘,KOSDAQ,15153455700
012170,아센디오,KOSPI,15147145112
18064K,한진칼우,KOSPI,15109962900
225590,패션플랫폼,KOSDAQ,15031238560
0044K0,삼성스팩10호,KOSDAQ,14867040000
418620,E8,KOSDAQ,14788605365
009620,삼보산업,KOSDAQ,14782198608
005725,넥센우,KOSPI,14762460000
142760,모아라이프플러스,KOSDAQ,14716276020
473050,유안타제15호스팩,KOSDAQ,14650900000
377220,프롬바이오,KOSDAQ,14523030000
131100,티엔엔터테인먼트,KOSDAQ,14511025800
0115H0,삼성스팩13호,KOSDAQ,14508900000
019685,대교우B,KOSPI,14298264640
002070,비비안,KOSPI,14257759920
001000,신라섬유,KOSDAQ,14202360900
478440,미래에셋비전스팩6호,KOSDAQ,14171850000
0165X0,메리츠제2호스팩,KOSDAQ,14067320000
479880,한국제15호스팩,KOSDAQ,14062890000
208640,썸에이지,KOSDAQ,13965797075
000087,하이트진로2우B,KOSPI,13957204300
035620,바른손이앤에이,KOSDAQ,13920218664
177350,베셀,KOSDAQ,13783032890
0099W0,미래에셋비전스팩11호,KOSDAQ,13776000000
291810,핀텔,KOSDAQ,13722035384
304840,피플바이오,KOSDAQ,13643890260
001795,대한제당우,KOSPI,13613796000
352770,셀레스트라,KOSDAQ,13610136750
285800,진영,KOSDAQ,13457497900
244460,올리패스,KOSDAQ,13415218661
113810,디젠스,KOSDAQ,13344872450
489480,키움제11호스팩,KOSDAQ,13299000000
0134X0,대신밸런스제20호스팩,KOSDAQ,13277800000
005257,녹십자홀딩스2우,KOSPI,13197444000
481890,엔에이치스팩31호,KOSDAQ,13134150000
0164H0,한국제16호스팩,KOSDAQ,13115250000
0096B0,삼성스팩12호,KOSDAQ,13041560000
0099X0,IBKS제25호스팩,KOSDAQ,13036400000
0097F0,미래에셋비전스팩10호,KOSDAQ,12928500000
00806K,대덕1우,KOSPI,12923725620
489730,디비금융제13호스팩,KOSDAQ,12822300000
0093G0,미래에셋비전스팩8호,KOSDAQ,12748800000
471050,대신밸런스제17호스팩,KOSDAQ,12726000000
478390,KB제29호스팩,KOSDAQ,12688800000
054180,메디콕스,KOSDAQ,12686716395
0037T0,KB제32호스팩,KOSDAQ,12514410000
492220,KB제31호스팩,KOSDAQ,12451050000
482520,교보16호스팩,KOSDAQ,12444000000
0054V0,엔에이치스팩32호,KOSDAQ,12414350500
0131D0,키움히어로제2호스팩,KOSDAQ,12373910000
240600,유진테크놀로지,KOSDAQ,12366749535
101000,KS인더스트리,KOSDAQ,12328645828
065570,삼영이엔씨,KOSDAQ,12295692232
0091W0,신영스팩11호,KOSDAQ,12166340000
0088D0,메리츠제1호스팩,KOSDAQ,12140525000
060480,국일신동,KOSDAQ,12132460000
145995,삼양사우,KOSPI,12101289000
45226K,한화갤러리아우,KOSPI,12009983450
477760,DB금융스팩12호,KOSDAQ,12001200000
0041L0,하나35호스팩,KOSDAQ,11993670000
289010,아이스크림에듀,KOSDAQ,11881358112
079190,케스피온,KOSDAQ,11880619842
0132G0,교보20호스팩,KOSDAQ,11880300000
482690,대신밸런스제19호스팩,KOSDAQ,11735350000
469900,하나31호스팩,KOSDAQ,11641585000
028080,휴맥스홀딩스,KOSDAQ,11601636410
225430,케이엠제약,KOSDAQ,11440730700
474660,신한제12호스팩,KOSDAQ,11398800000
477470,미래에셋비전스팩5호,KOSDAQ,11398400000
0071M0,삼성스팩11호,KOSDAQ,11358720000
487360,신한제14호스팩,KOSDAQ,11336400000
474490,유안타제16호스팩,KOSDAQ,11323050000
050090,비케이홀딩스,KOSDAQ,11296672800
025870,신라에스지,KOSDAQ,11280000000
0105P0,유진스팩12호,KOSDAQ,11274720000
496070,신한제16호스팩,KOSDAQ,11161320000
002680,한탑,KOSDAQ,11104050762
0129K0,신한제18호스팩,KOSDAQ,11048920000
900100,파이온엑스,KOSDAQ,10947803750
0096D0,미래에셋비전스팩9호,KOSDAQ,10901000000
250930,예선테크,KOSDAQ,10857144760
0098T0,교보19호스팩,KOSDAQ,10778400000
900270,헝셩그룹,KOSDAQ,10735805220
493790,유안타제17호스팩,KOSDAQ,10699650000
486630,KB제30호스팩,KOSDAQ,10699650000
084695,대상홀딩스우,KOSPI,10596391200
0004Y0,디비금융제14호스팩,KOSDAQ,10592795000
38380K,LX홀딩스1우,KOSPI,10535399150
0130D0,신한제17호스팩,KOSDAQ,10487760000
489210,교보17호스팩,KOSDAQ,10463600000
043100,알파AI,KOSDAQ,10457241600
044380,주연테크,KOSPI,10355741748
308100,형지글로벌,KOSDAQ,10250539206
478110,이베스트스팩6호,KOSDAQ,10215700000
466690,키움히어로제1호스팩,KOSDAQ,10184905000
0041B0,교보18호스팩,KOSDAQ,10105200000
498390,한화플러스제5호스팩,KOSDAQ,10093600000
247660,나노씨엠에스,KOSDAQ,10056174800
004255,NPC우,KOSPI,9989760000
472220,신영스팩10호,KOSDAQ,9849000000
00781K,코리아써키트2우B,KOSPI,9835422450
389680,유디엠텍,KOSDAQ,9776814275
003075,코오롱글로벌우,KOSPI,9725876810
106080,케이이엠텍,KOSDAQ,9506998050
488060,유진스팩11호,KOSDAQ,9463600000
145210,다이나믹디자인,KOSPI,9461011840
092600,앤씨앤,KOSDAQ,9391268016
084180,수성웹툰,KOSDAQ,9380552877
004105,태양금속우,KOSPI,9190500000
001067,JW중외제약2우B,KOSPI,9175820100
001755,한양증권우,KOSPI,9173678000
484130,하나34호스팩,KOSDAQ,9107800000
900120,씨엑스아이,KOSDAQ,9069763920
469480,IBKS제24호스팩,KOSDAQ,9009900000
473950,에스케이증권제13호스팩,KOSDAQ,8994700000
468760,유진스팩10호,KOSDAQ,8819200000
487830,신한제15호스팩,KOSDAQ,8721750000
472230,에스케이증권제11호스팩,KOSDAQ,8663175000
0068Y0,비엔케이제3호스팩,KOSDAQ,8576900000
000225,유유제약1우,KOSPI,8512322150
487720,키움제10호스팩,KOSDAQ,8502300000
33637L,솔루스첨단소재2우B,KOSPI,8368925640
001770,SHD,KOSPI,8321914300
199730,바이오인프라,KOSDAQ,8288881368
03481K,해성산업1우,KOSDAQ,8264718000
0041J0,엘에스스팩1호,KOSDAQ,8174790000
465320,교보15호스팩,KOSDAQ,8058150000
087260,모바일어플라이언스,KOSDAQ,8040556667
001515,SK증권우,KOSPI,7785902860
079970,투비소프트,KOSDAQ,7646223464
008290,원풍물산,KOSDAQ,7630064625
475250,하나33호스팩,KOSDAQ,7603500000
474930,신한제13호스팩,KOSDAQ,7602000000
035290,골드앤에스,KOSDAQ,7432763232
312610,에이에프더블류,KOSDAQ,7414021008
065420,에스아이리소스,KOSDAQ,7283384140
001065,JW중외제약우,KOSPI,7163873450
012205,계양전기우,KOSPI,7131381900
276040,스코넥,KOSDAQ,7073119545
473000,에스케이증권제12호스팩,KOSDAQ,6802050000
475240,하나32호스팩,KOSDAQ,6624000000
011080,형지I&C,KOSDAQ,6457598420
004985,성신양회우,KOSPI,6311834100
26490K,크라운제과우,KOSPI,6056974800
121850,코이즈,KOSDAQ,5962201821
000325,노루홀딩스우,KOSPI,5699280600
004835,덕성우,KOSPI,5574960000
044180,KD,KOSDAQ,5477148795
313760,캐리,KOSDAQ,5244963048
002995,금호건설우,KOSPI,5009439240
090355,노루페인트우,KOSPI,4839666700
052770,아이톡시,KOSDAQ,4545457488
000145,하이트진로홀딩스우,KOSPI,4467986900
009415,태영건설우,KOSPI,4341826320
000545,흥국화재우,KOSPI,4116480000
005965,동부건설우,KOSPI,3787782960
014825,동원시스템즈우,KOSPI,3552292950
007575,일양약품우,KOSPI,3329198400
014285,금강공업우,KOSPI,3132236250
005745,크라운해태홀딩스우,KOSPI,3087731640
36328K,티와이홀딩스우,KOSPI,2855126070
014915,성문전자우,KOSPI,2640000000
000227,유유제약2우B,KOSPI,2502940000
001525,동양우,KOSPI,2311012000
008355,남선알미우,KOSPI,2216808000
021045,대호특수강우,KOSDAQ,2002441120
004545,깨끗한나라우,KOSPI,1666028000
011155,CJ씨푸드1우,KOSPI,1616000000
004415,서울식품우,KOSPI,1356945000
001527,동양2우B,KOSPI,1343253650
002785,진흥기업우B,KOSPI,1131527760
002787,진흥기업2우B,KOSPI,890320160
032685,소프트센우,KOSDAQ,764287020
043090,더테크놀로지,KOSDAQ,571240650
